68,33,eiqTXHoBIW6T86pF1tPcP0oCD/Y=,8jyyHM2woCHZSGA0sy8fedCZOGo=
68,35,eiqTXHoBIW6T86pF1tPcP0oCD/Y=,8jyyHM2woCHZSGA0sy8fedCZOGo=
69,33,eiqTXHoBIW6T86pF1tPcP0oCD/Y=,8jyyHM2woCHZSGA0sy8fedCZOGo=
66,35,eiqTXHoBIW6T86pF1tPcP0oCD/Y=,8jyyHM2woCHZSGA0sy8fedCZOGo=
67,35,eiqTXHoBIW6T86pF1tPcP0oCD/Y=,8jyyHM2woCHZSGA0sy8fedCZOGo=
71,35,eiqTXHoBIW6T86pF1tPcP0oCD/Y=,8jyyHM2woCHZSGA0sy8fedCZOGo=
70,34,eiqTXHoBIW6T86pF1tPcP0oCD/Y=,8jyyHM2woCHZSGA0sy8fedCZOGo=
77,47,eiqTXHoBIW6T86pF1tPcP0oCD/Y=,8jyyHM2woCHZSGA0sy8fedCZOGo=
76,47,eiqTXHoBIW6T86pF1tPcP0oCD/Y=,8jyyHM2woCHZSGA0sy8fedCZOGo=
75,47,eiqTXHoBIW6T86pF1tPcP0oCD/Y=,8jyyHM2woCHZSGA0sy8fedCZOGo=
74,47,eiqTXHoBIW6T86pF1tPcP0oCD/Y=,8jyyHM2woCHZSGA0sy8fedCZOGo=
73,47,eiqTXHoBIW6T86pF1tPcP0oCD/Y=,8jyyHM2woCHZSGA0sy8fedCZOGo=
72,47,eiqTXHoBIW6T86pF1tPcP0oCD/Y=,8jyyHM2woCHZSGA0sy8fedCZOGo=
71,47,eiqTXHoBIW6T86pF1tPcP0oCD/Y=,8jyyHM2woCHZSGA0sy8fedCZOGo=
68,34,eiqTXHoBIW6T86pF1tPcP0oCD/Y=,8jyyHM2woCHZSGA0sy8fedCZOGo=
70,47,eiqTXHoBIW6T86pF1tPcP0oCD/Y=,8jyyHM2woCHZSGA0sy8fedCZOGo=
69,47,eiqTXHoBIW6T86pF1tPcP0oCD/Y=,8jyyHM2woCHZSGA0sy8fedCZOGo=
68,47,eiqTXHoBIW6T86pF1tPcP0oCD/Y=,8jyyHM2woCHZSGA0sy8fedCZOGo=
67,47,eiqTXHoBIW6T86pF1tPcP0oCD/Y=,8jyyHM2woCHZSGA0sy8fedCZOGo=
66,47,eiqTXHoBIW6T86pF1tPcP0oCD/Y=,8jyyHM2woCHZSGA0sy8fedCZOGo=
65,47,eiqTXHoBIW6T86pF1tPcP0oCD/Y=,8jyyHM2woCHZSGA0sy8fedCZOGo=
64,47,eiqTXHoBIW6T86pF1tPcP0oCD/Y=,8jyyHM2woCHZSGA0sy8fedCZOGo=
65,32,eiqTXHoBIW6T86pF1tPcP0oCD/Y=,8jyyHM2woCHZSGA0sy8fedCZOGo=
69,34,eiqTXHoBIW6T86pF1tPcP0oCD/Y=,8jyyHM2woCHZSGA0sy8fedCZOGo=
70,35,eiqTXHoBIW6T86pF1tPcP0oCD/Y=,8jyyHM2woCHZSGA0sy8fedCZOGo=
67,32,eiqTXHoBIW6T86pF1tPcP0oCD/Y=,8jyyHM2woCHZSGA0sy8fedCZOGo=
65,35,eiqTXHoBIW6T86pF1tPcP0oCD/Y=,8jyyHM2woCHZSGA0sy8fedCZOGo=
77,46,eiqTXHoBIW6T86pF1tPcP0oCD/Y=,8jyyHM2woCHZSGA0sy8fedCZOGo=
76,46,eiqTXHoBIW6T86pF1tPcP0oCD/Y=,8jyyHM2woCHZSGA0sy8fedCZOGo=
75,46,eiqTXHoBIW6T86pF1tPcP0oCD/Y=,8jyyHM2woCHZSGA0sy8fedCZOGo=
74,46,eiqTXHoBIW6T86pF1tPcP0oCD/Y=,8jyyHM2woCHZSGA0sy8fedCZOGo=
73,46,eiqTXHoBIW6T86pF1tPcP0oCD/Y=,8jyyHM2woCHZSGA0sy8fedCZOGo=
72,46,eiqTXHoBIW6T86pF1tPcP0oCD/Y=,8jyyHM2woCHZSGA0sy8fedCZOGo=
71,46,eiqTXHoBIW6T86pF1tPcP0oCD/Y=,8jyyHM2woCHZSGA0sy8fedCZOGo=
69,32,eiqTXHoBIW6T86pF1tPcP0oCD/Y=,8jyyHM2woCHZSGA0sy8fedCZOGo=
70,46,eiqTXHoBIW6T86pF1tPcP0oCD/Y=,8jyyHM2woCHZSGA0sy8fedCZOGo=
69,46,eiqTXHoBIW6T86pF1tPcP0oCD/Y=,8jyyHM2woCHZSGA0sy8fedCZOGo=
68,46,eiqTXHoBIW6T86pF1tPcP0oCD/Y=,8jyyHM2woCHZSGA0sy8fedCZOGo=
67,46,eiqTXHoBIW6T86pF1tPcP0oCD/Y=,8jyyHM2woCHZSGA0sy8fedCZOGo=
66,46,eiqTXHoBIW6T86pF1tPcP0oCD/Y=,8jyyHM2woCHZSGA0sy8fedCZOGo=
65,46,eiqTXHoBIW6T86pF1tPcP0oCD/Y=,8jyyHM2woCHZSGA0sy8fedCZOGo=
64,46,eiqTXHoBIW6T86pF1tPcP0oCD/Y=,8jyyHM2woCHZSGA0sy8fedCZOGo=
67,34,eiqTXHoBIW6T86pF1tPcP0oCD/Y=,8jyyHM2woCHZSGA0sy8fedCZOGo=
69,35,eiqTXHoBIW6T86pF1tPcP0oCD/Y=,8jyyHM2woCHZSGA0sy8fedCZOGo=
68,32,eiqTXHoBIW6T86pF1tPcP0oCD/Y=,8jyyHM2woCHZSGA0sy8fedCZOGo=
77,45,eiqTXHoBIW6T86pF1tPcP0oCD/Y=,8jyyHM2woCHZSGA0sy8fedCZOGo=
76,45,eiqTXHoBIW6T86pF1tPcP0oCD/Y=,8jyyHM2woCHZSGA0sy8fedCZOGo=
75,45,eiqTXHoBIW6T86pF1tPcP0oCD/Y=,8jyyHM2woCHZSGA0sy8fedCZOGo=
74,45,eiqTXHoBIW6T86pF1tPcP0oCD/Y=,8jyyHM2woCHZSGA0sy8fedCZOGo=
73,45,eiqTXHoBIW6T86pF1tPcP0oCD/Y=,8jyyHM2woCHZSGA0sy8fedCZOGo=
72,45,eiqTXHoBIW6T86pF1tPcP0oCD/Y=,8jyyHM2woCHZSGA0sy8fedCZOGo=
71,45,eiqTXHoBIW6T86pF1tPcP0oCD/Y=,8jyyHM2woCHZSGA0sy8fedCZOGo=
70,45,eiqTXHoBIW6T86pF1tPcP0oCD/Y=,8jyyHM2woCHZSGA0sy8fedCZOGo=
69,45,eiqTXHoBIW6T86pF1tPcP0oCD/Y=,8jyyHM2woCHZSGA0sy8fedCZOGo=
68,45,eiqTXHoBIW6T86pF1tPcP0oCD/Y=,8jyyHM2woCHZSGA0sy8fedCZOGo=
67,45,eiqTXHoBIW6T86pF1tPcP0oCD/Y=,8jyyHM2woCHZSGA0sy8fedCZOGo=
66,45,eiqTXHoBIW6T86pF1tPcP0oCD/Y=,8jyyHM2woCHZSGA0sy8fedCZOGo=
65,45,eiqTXHoBIW6T86pF1tPcP0oCD/Y=,8jyyHM2woCHZSGA0sy8fedCZOGo=
64,45,eiqTXHoBIW6T86pF1tPcP0oCD/Y=,8jyyHM2woCHZSGA0sy8fedCZOGo=
67,33,eiqTXHoBIW6T86pF1tPcP0oCD/Y=,8jyyHM2woCHZSGA0sy8fedCZOGo=
66,34,eiqTXHoBIW6T86pF1tPcP0oCD/Y=,8jyyHM2woCHZSGA0sy8fedCZOGo=
66,33,eiqTXHoBIW6T86pF1tPcP0oCD/Y=,8jyyHM2woCHZSGA0sy8fedCZOGo=
77,44,eiqTXHoBIW6T86pF1tPcP0oCD/Y=,8jyyHM2woCHZSGA0sy8fedCZOGo=
65,34,eiqTXHoBIW6T86pF1tPcP0oCD/Y=,8jyyHM2woCHZSGA0sy8fedCZOGo=
76,44,eiqTXHoBIW6T86pF1tPcP0oCD/Y=,8jyyHM2woCHZSGA0sy8fedCZOGo=
75,44,eiqTXHoBIW6T86pF1tPcP0oCD/Y=,8jyyHM2woCHZSGA0sy8fedCZOGo=
74,44,eiqTXHoBIW6T86pF1tPcP0oCD/Y=,8jyyHM2woCHZSGA0sy8fedCZOGo=
73,44,eiqTXHoBIW6T86pF1tPcP0oCD/Y=,8jyyHM2woCHZSGA0sy8fedCZOGo=
72,44,eiqTXHoBIW6T86pF1tPcP0oCD/Y=,8jyyHM2woCHZSGA0sy8fedCZOGo=
71,44,eiqTXHoBIW6T86pF1tPcP0oCD/Y=,8jyyHM2woCHZSGA0sy8fedCZOGo=
70,44,eiqTXHoBIW6T86pF1tPcP0oCD/Y=,8jyyHM2woCHZSGA0sy8fedCZOGo=
69,44,eiqTXHoBIW6T86pF1tPcP0oCD/Y=,8jyyHM2woCHZSGA0sy8fedCZOGo=
68,44,eiqTXHoBIW6T86pF1tPcP0oCD/Y=,8jyyHM2woCHZSGA0sy8fedCZOGo=
67,44,eiqTXHoBIW6T86pF1tPcP0oCD/Y=,8jyyHM2woCHZSGA0sy8fedCZOGo=
66,44,eiqTXHoBIW6T86pF1tPcP0oCD/Y=,8jyyHM2woCHZSGA0sy8fedCZOGo=
65,33,eiqTXHoBIW6T86pF1tPcP0oCD/Y=,8jyyHM2woCHZSGA0sy8fedCZOGo=
65,44,eiqTXHoBIW6T86pF1tPcP0oCD/Y=,8jyyHM2woCHZSGA0sy8fedCZOGo=
64,33,eiqTXHoBIW6T86pF1tPcP0oCD/Y=,8jyyHM2woCHZSGA0sy8fedCZOGo=
64,44,eiqTXHoBIW6T86pF1tPcP0oCD/Y=,8jyyHM2woCHZSGA0sy8fedCZOGo=
66,32,eiqTXHoBIW6T86pF1tPcP0oCD/Y=,8jyyHM2woCHZSGA0sy8fedCZOGo=
64,35,eiqTXHoBIW6T86pF1tPcP0oCD/Y=,8jyyHM2woCHZSGA0sy8fedCZOGo=
79,47,eiqTXHoBIW6T86pF1tPcP0oCD/Y=,8jyyHM2woCHZSGA0sy8fedCZOGo=
78,47,eiqTXHoBIW6T86pF1tPcP0oCD/Y=,8jyyHM2woCHZSGA0sy8fedCZOGo=
64,34,eiqTXHoBIW6T86pF1tPcP0oCD/Y=,8jyyHM2woCHZSGA0sy8fedCZOGo=
72,35,eiqTXHoBIW6T86pF1tPcP0oCD/Y=,8jyyHM2woCHZSGA0sy8fedCZOGo=
79,45,eiqTXHoBIW6T86pF1tPcP0oCD/Y=,8jyyHM2woCHZSGA0sy8fedCZOGo=
79,46,eiqTXHoBIW6T86pF1tPcP0oCD/Y=,8jyyHM2woCHZSGA0sy8fedCZOGo=
79,44,eiqTXHoBIW6T86pF1tPcP0oCD/Y=,8jyyHM2woCHZSGA0sy8fedCZOGo=
77,43,eiqTXHoBIW6T86pF1tPcP0oCD/Y=,8jyyHM2woCHZSGA0sy8fedCZOGo=
76,43,eiqTXHoBIW6T86pF1tPcP0oCD/Y=,8jyyHM2woCHZSGA0sy8fedCZOGo=
75,43,eiqTXHoBIW6T86pF1tPcP0oCD/Y=,8jyyHM2woCHZSGA0sy8fedCZOGo=
74,43,eiqTXHoBIW6T86pF1tPcP0oCD/Y=,8jyyHM2woCHZSGA0sy8fedCZOGo=
73,43,eiqTXHoBIW6T86pF1tPcP0oCD/Y=,8jyyHM2woCHZSGA0sy8fedCZOGo=
72,43,eiqTXHoBIW6T86pF1tPcP0oCD/Y=,8jyyHM2woCHZSGA0sy8fedCZOGo=
71,43,eiqTXHoBIW6T86pF1tPcP0oCD/Y=,8jyyHM2woCHZSGA0sy8fedCZOGo=
70,43,eiqTXHoBIW6T86pF1tPcP0oCD/Y=,8jyyHM2woCHZSGA0sy8fedCZOGo=
69,43,eiqTXHoBIW6T86pF1tPcP0oCD/Y=,8jyyHM2woCHZSGA0sy8fedCZOGo=
78,46,eiqTXHoBIW6T86pF1tPcP0oCD/Y=,8jyyHM2woCHZSGA0sy8fedCZOGo=
67,43,eiqTXHoBIW6T86pF1tPcP0oCD/Y=,8jyyHM2woCHZSGA0sy8fedCZOGo=
66,43,eiqTXHoBIW6T86pF1tPcP0oCD/Y=,8jyyHM2woCHZSGA0sy8fedCZOGo=
68,43,eiqTXHoBIW6T86pF1tPcP0oCD/Y=,8jyyHM2woCHZSGA0sy8fedCZOGo=
64,43,eiqTXHoBIW6T86pF1tPcP0oCD/Y=,8jyyHM2woCHZSGA0sy8fedCZOGo=
65,43,eiqTXHoBIW6T86pF1tPcP0oCD/Y=,8jyyHM2woCHZSGA0sy8fedCZOGo=
78,45,eiqTXHoBIW6T86pF1tPcP0oCD/Y=,8jyyHM2woCHZSGA0sy8fedCZOGo=
79,32,eiqTXHoBIW6T86pF1tPcP0oCD/Y=,8jyyHM2woCHZSGA0sy8fedCZOGo=
79,34,eiqTXHoBIW6T86pF1tPcP0oCD/Y=,8jyyHM2woCHZSGA0sy8fedCZOGo=
79,43,eiqTXHoBIW6T86pF1tPcP0oCD/Y=,8jyyHM2woCHZSGA0sy8fedCZOGo=
78,32,eiqTXHoBIW6T86pF1tPcP0oCD/Y=,8jyyHM2woCHZSGA0sy8fedCZOGo=
77,42,eiqTXHoBIW6T86pF1tPcP0oCD/Y=,8jyyHM2woCHZSGA0sy8fedCZOGo=
76,42,eiqTXHoBIW6T86pF1tPcP0oCD/Y=,8jyyHM2woCHZSGA0sy8fedCZOGo=
74,42,eiqTXHoBIW6T86pF1tPcP0oCD/Y=,8jyyHM2woCHZSGA0sy8fedCZOGo=
75,42,eiqTXHoBIW6T86pF1tPcP0oCD/Y=,8jyyHM2woCHZSGA0sy8fedCZOGo=
73,42,eiqTXHoBIW6T86pF1tPcP0oCD/Y=,8jyyHM2woCHZSGA0sy8fedCZOGo=
72,42,eiqTXHoBIW6T86pF1tPcP0oCD/Y=,8jyyHM2woCHZSGA0sy8fedCZOGo=
71,42,eiqTXHoBIW6T86pF1tPcP0oCD/Y=,8jyyHM2woCHZSGA0sy8fedCZOGo=
70,42,eiqTXHoBIW6T86pF1tPcP0oCD/Y=,8jyyHM2woCHZSGA0sy8fedCZOGo=
69,42,eiqTXHoBIW6T86pF1tPcP0oCD/Y=,8jyyHM2woCHZSGA0sy8fedCZOGo=
68,42,eiqTXHoBIW6T86pF1tPcP0oCD/Y=,8jyyHM2woCHZSGA0sy8fedCZOGo=
67,42,eiqTXHoBIW6T86pF1tPcP0oCD/Y=,8jyyHM2woCHZSGA0sy8fedCZOGo=
66,42,eiqTXHoBIW6T86pF1tPcP0oCD/Y=,8jyyHM2woCHZSGA0sy8fedCZOGo=
65,42,eiqTXHoBIW6T86pF1tPcP0oCD/Y=,8jyyHM2woCHZSGA0sy8fedCZOGo=
73,35,eiqTXHoBIW6T86pF1tPcP0oCD/Y=,8jyyHM2woCHZSGA0sy8fedCZOGo=
79,33,eiqTXHoBIW6T86pF1tPcP0oCD/Y=,8jyyHM2woCHZSGA0sy8fedCZOGo=
78,33,eiqTXHoBIW6T86pF1tPcP0oCD/Y=,8jyyHM2woCHZSGA0sy8fedCZOGo=
78,43,eiqTXHoBIW6T86pF1tPcP0oCD/Y=,8jyyHM2woCHZSGA0sy8fedCZOGo=
78,34,eiqTXHoBIW6T86pF1tPcP0oCD/Y=,8jyyHM2woCHZSGA0sy8fedCZOGo=
64,42,eiqTXHoBIW6T86pF1tPcP0oCD/Y=,8jyyHM2woCHZSGA0sy8fedCZOGo=
77,32,eiqTXHoBIW6T86pF1tPcP0oCD/Y=,8jyyHM2woCHZSGA0sy8fedCZOGo=
77,41,eiqTXHoBIW6T86pF1tPcP0oCD/Y=,8jyyHM2woCHZSGA0sy8fedCZOGo=
76,41,eiqTXHoBIW6T86pF1tPcP0oCD/Y=,8jyyHM2woCHZSGA0sy8fedCZOGo=
75,41,eiqTXHoBIW6T86pF1tPcP0oCD/Y=,8jyyHM2woCHZSGA0sy8fedCZOGo=
74,41,eiqTXHoBIW6T86pF1tPcP0oCD/Y=,8jyyHM2woCHZSGA0sy8fedCZOGo=
73,41,eiqTXHoBIW6T86pF1tPcP0oCD/Y=,8jyyHM2woCHZSGA0sy8fedCZOGo=
72,41,eiqTXHoBIW6T86pF1tPcP0oCD/Y=,8jyyHM2woCHZSGA0sy8fedCZOGo=
71,41,eiqTXHoBIW6T86pF1tPcP0oCD/Y=,8jyyHM2woCHZSGA0sy8fedCZOGo=
70,41,eiqTXHoBIW6T86pF1tPcP0oCD/Y=,8jyyHM2woCHZSGA0sy8fedCZOGo=
69,41,eiqTXHoBIW6T86pF1tPcP0oCD/Y=,8jyyHM2woCHZSGA0sy8fedCZOGo=
68,41,eiqTXHoBIW6T86pF1tPcP0oCD/Y=,8jyyHM2woCHZSGA0sy8fedCZOGo=
67,41,eiqTXHoBIW6T86pF1tPcP0oCD/Y=,8jyyHM2woCHZSGA0sy8fedCZOGo=
66,41,eiqTXHoBIW6T86pF1tPcP0oCD/Y=,8jyyHM2woCHZSGA0sy8fedCZOGo=
65,41,eiqTXHoBIW6T86pF1tPcP0oCD/Y=,8jyyHM2woCHZSGA0sy8fedCZOGo=
79,42,eiqTXHoBIW6T86pF1tPcP0oCD/Y=,8jyyHM2woCHZSGA0sy8fedCZOGo=
78,44,eiqTXHoBIW6T86pF1tPcP0oCD/Y=,8jyyHM2woCHZSGA0sy8fedCZOGo=
64,41,eiqTXHoBIW6T86pF1tPcP0oCD/Y=,8jyyHM2woCHZSGA0sy8fedCZOGo=
78,42,eiqTXHoBIW6T86pF1tPcP0oCD/Y=,8jyyHM2woCHZSGA0sy8fedCZOGo=
77,33,eiqTXHoBIW6T86pF1tPcP0oCD/Y=,8jyyHM2woCHZSGA0sy8fedCZOGo=
74,35,eiqTXHoBIW6T86pF1tPcP0oCD/Y=,8jyyHM2woCHZSGA0sy8fedCZOGo=
77,34,eiqTXHoBIW6T86pF1tPcP0oCD/Y=,8jyyHM2woCHZSGA0sy8fedCZOGo=
77,40,eiqTXHoBIW6T86pF1tPcP0oCD/Y=,8jyyHM2woCHZSGA0sy8fedCZOGo=
76,40,eiqTXHoBIW6T86pF1tPcP0oCD/Y=,8jyyHM2woCHZSGA0sy8fedCZOGo=
75,40,eiqTXHoBIW6T86pF1tPcP0oCD/Y=,8jyyHM2woCHZSGA0sy8fedCZOGo=
74,40,eiqTXHoBIW6T86pF1tPcP0oCD/Y=,8jyyHM2woCHZSGA0sy8fedCZOGo=
73,40,eiqTXHoBIW6T86pF1tPcP0oCD/Y=,8jyyHM2woCHZSGA0sy8fedCZOGo=
72,40,eiqTXHoBIW6T86pF1tPcP0oCD/Y=,8jyyHM2woCHZSGA0sy8fedCZOGo=
71,40,eiqTXHoBIW6T86pF1tPcP0oCD/Y=,8jyyHM2woCHZSGA0sy8fedCZOGo=
70,40,eiqTXHoBIW6T86pF1tPcP0oCD/Y=,8jyyHM2woCHZSGA0sy8fedCZOGo=
69,40,eiqTXHoBIW6T86pF1tPcP0oCD/Y=,8jyyHM2woCHZSGA0sy8fedCZOGo=
68,40,eiqTXHoBIW6T86pF1tPcP0oCD/Y=,8jyyHM2woCHZSGA0sy8fedCZOGo=
66,40,eiqTXHoBIW6T86pF1tPcP0oCD/Y=,8jyyHM2woCHZSGA0sy8fedCZOGo=
67,40,eiqTXHoBIW6T86pF1tPcP0oCD/Y=,8jyyHM2woCHZSGA0sy8fedCZOGo=
65,40,eiqTXHoBIW6T86pF1tPcP0oCD/Y=,8jyyHM2woCHZSGA0sy8fedCZOGo=
79,41,eiqTXHoBIW6T86pF1tPcP0oCD/Y=,8jyyHM2woCHZSGA0sy8fedCZOGo=
76,33,eiqTXHoBIW6T86pF1tPcP0oCD/Y=,8jyyHM2woCHZSGA0sy8fedCZOGo=
64,40,eiqTXHoBIW6T86pF1tPcP0oCD/Y=,8jyyHM2woCHZSGA0sy8fedCZOGo=
78,41,eiqTXHoBIW6T86pF1tPcP0oCD/Y=,8jyyHM2woCHZSGA0sy8fedCZOGo=
75,32,eiqTXHoBIW6T86pF1tPcP0oCD/Y=,8jyyHM2woCHZSGA0sy8fedCZOGo=
79,40,eiqTXHoBIW6T86pF1tPcP0oCD/Y=,8jyyHM2woCHZSGA0sy8fedCZOGo=
77,39,eiqTXHoBIW6T86pF1tPcP0oCD/Y=,8jyyHM2woCHZSGA0sy8fedCZOGo=
76,39,eiqTXHoBIW6T86pF1tPcP0oCD/Y=,8jyyHM2woCHZSGA0sy8fedCZOGo=
75,39,eiqTXHoBIW6T86pF1tPcP0oCD/Y=,8jyyHM2woCHZSGA0sy8fedCZOGo=
74,39,eiqTXHoBIW6T86pF1tPcP0oCD/Y=,8jyyHM2woCHZSGA0sy8fedCZOGo=
73,39,eiqTXHoBIW6T86pF1tPcP0oCD/Y=,8jyyHM2woCHZSGA0sy8fedCZOGo=
71,39,eiqTXHoBIW6T86pF1tPcP0oCD/Y=,8jyyHM2woCHZSGA0sy8fedCZOGo=
70,39,eiqTXHoBIW6T86pF1tPcP0oCD/Y=,8jyyHM2woCHZSGA0sy8fedCZOGo=
69,39,eiqTXHoBIW6T86pF1tPcP0oCD/Y=,8jyyHM2woCHZSGA0sy8fedCZOGo=
72,39,eiqTXHoBIW6T86pF1tPcP0oCD/Y=,8jyyHM2woCHZSGA0sy8fedCZOGo=
68,39,eiqTXHoBIW6T86pF1tPcP0oCD/Y=,8jyyHM2woCHZSGA0sy8fedCZOGo=
67,39,eiqTXHoBIW6T86pF1tPcP0oCD/Y=,8jyyHM2woCHZSGA0sy8fedCZOGo=
66,39,eiqTXHoBIW6T86pF1tPcP0oCD/Y=,8jyyHM2woCHZSGA0sy8fedCZOGo=
65,39,eiqTXHoBIW6T86pF1tPcP0oCD/Y=,8jyyHM2woCHZSGA0sy8fedCZOGo=
76,34,eiqTXHoBIW6T86pF1tPcP0oCD/Y=,8jyyHM2woCHZSGA0sy8fedCZOGo=
78,40,eiqTXHoBIW6T86pF1tPcP0oCD/Y=,8jyyHM2woCHZSGA0sy8fedCZOGo=
64,39,eiqTXHoBIW6T86pF1tPcP0oCD/Y=,8jyyHM2woCHZSGA0sy8fedCZOGo=
75,35,eiqTXHoBIW6T86pF1tPcP0oCD/Y=,8jyyHM2woCHZSGA0sy8fedCZOGo=
74,32,eiqTXHoBIW6T86pF1tPcP0oCD/Y=,8jyyHM2woCHZSGA0sy8fedCZOGo=
75,34,eiqTXHoBIW6T86pF1tPcP0oCD/Y=,8jyyHM2woCHZSGA0sy8fedCZOGo=
74,33,eiqTXHoBIW6T86pF1tPcP0oCD/Y=,8jyyHM2woCHZSGA0sy8fedCZOGo=
77,38,eiqTXHoBIW6T86pF1tPcP0oCD/Y=,8jyyHM2woCHZSGA0sy8fedCZOGo=
76,38,eiqTXHoBIW6T86pF1tPcP0oCD/Y=,8jyyHM2woCHZSGA0sy8fedCZOGo=
74,38,eiqTXHoBIW6T86pF1tPcP0oCD/Y=,8jyyHM2woCHZSGA0sy8fedCZOGo=
75,38,eiqTXHoBIW6T86pF1tPcP0oCD/Y=,8jyyHM2woCHZSGA0sy8fedCZOGo=
73,38,eiqTXHoBIW6T86pF1tPcP0oCD/Y=,8jyyHM2woCHZSGA0sy8fedCZOGo=
72,38,eiqTXHoBIW6T86pF1tPcP0oCD/Y=,8jyyHM2woCHZSGA0sy8fedCZOGo=
71,38,eiqTXHoBIW6T86pF1tPcP0oCD/Y=,8jyyHM2woCHZSGA0sy8fedCZOGo=
70,38,eiqTXHoBIW6T86pF1tPcP0oCD/Y=,8jyyHM2woCHZSGA0sy8fedCZOGo=
68,38,eiqTXHoBIW6T86pF1tPcP0oCD/Y=,8jyyHM2woCHZSGA0sy8fedCZOGo=
69,38,eiqTXHoBIW6T86pF1tPcP0oCD/Y=,8jyyHM2woCHZSGA0sy8fedCZOGo=
67,38,eiqTXHoBIW6T86pF1tPcP0oCD/Y=,8jyyHM2woCHZSGA0sy8fedCZOGo=
66,38,eiqTXHoBIW6T86pF1tPcP0oCD/Y=,8jyyHM2woCHZSGA0sy8fedCZOGo=
65,38,eiqTXHoBIW6T86pF1tPcP0oCD/Y=,8jyyHM2woCHZSGA0sy8fedCZOGo=
76,32,eiqTXHoBIW6T86pF1tPcP0oCD/Y=,8jyyHM2woCHZSGA0sy8fedCZOGo=
64,32,eiqTXHoBIW6T86pF1tPcP0oCD/Y=,8jyyHM2woCHZSGA0sy8fedCZOGo=
79,39,eiqTXHoBIW6T86pF1tPcP0oCD/Y=,8jyyHM2woCHZSGA0sy8fedCZOGo=
64,38,eiqTXHoBIW6T86pF1tPcP0oCD/Y=,8jyyHM2woCHZSGA0sy8fedCZOGo=
78,39,eiqTXHoBIW6T86pF1tPcP0oCD/Y=,8jyyHM2woCHZSGA0sy8fedCZOGo=
73,32,eiqTXHoBIW6T86pF1tPcP0oCD/Y=,8jyyHM2woCHZSGA0sy8fedCZOGo=
75,33,eiqTXHoBIW6T86pF1tPcP0oCD/Y=,8jyyHM2woCHZSGA0sy8fedCZOGo=
73,33,eiqTXHoBIW6T86pF1tPcP0oCD/Y=,8jyyHM2woCHZSGA0sy8fedCZOGo=
74,34,eiqTXHoBIW6T86pF1tPcP0oCD/Y=,8jyyHM2woCHZSGA0sy8fedCZOGo=
76,35,eiqTXHoBIW6T86pF1tPcP0oCD/Y=,8jyyHM2woCHZSGA0sy8fedCZOGo=
79,38,eiqTXHoBIW6T86pF1tPcP0oCD/Y=,8jyyHM2woCHZSGA0sy8fedCZOGo=
78,38,eiqTXHoBIW6T86pF1tPcP0oCD/Y=,8jyyHM2woCHZSGA0sy8fedCZOGo=
72,32,eiqTXHoBIW6T86pF1tPcP0oCD/Y=,8jyyHM2woCHZSGA0sy8fedCZOGo=
79,37,eiqTXHoBIW6T86pF1tPcP0oCD/Y=,8jyyHM2woCHZSGA0sy8fedCZOGo=
71,37,eiqTXHoBIW6T86pF1tPcP0oCD/Y=,8jyyHM2woCHZSGA0sy8fedCZOGo=
70,37,eiqTXHoBIW6T86pF1tPcP0oCD/Y=,8jyyHM2woCHZSGA0sy8fedCZOGo=
76,37,eiqTXHoBIW6T86pF1tPcP0oCD/Y=,8jyyHM2woCHZSGA0sy8fedCZOGo=
69,37,eiqTXHoBIW6T86pF1tPcP0oCD/Y=,8jyyHM2woCHZSGA0sy8fedCZOGo=
68,37,eiqTXHoBIW6T86pF1tPcP0oCD/Y=,8jyyHM2woCHZSGA0sy8fedCZOGo=
67,37,eiqTXHoBIW6T86pF1tPcP0oCD/Y=,8jyyHM2woCHZSGA0sy8fedCZOGo=
66,37,eiqTXHoBIW6T86pF1tPcP0oCD/Y=,8jyyHM2woCHZSGA0sy8fedCZOGo=
65,37,eiqTXHoBIW6T86pF1tPcP0oCD/Y=,8jyyHM2woCHZSGA0sy8fedCZOGo=
74,37,eiqTXHoBIW6T86pF1tPcP0oCD/Y=,8jyyHM2woCHZSGA0sy8fedCZOGo=
75,37,eiqTXHoBIW6T86pF1tPcP0oCD/Y=,8jyyHM2woCHZSGA0sy8fedCZOGo=
71,32,eiqTXHoBIW6T86pF1tPcP0oCD/Y=,8jyyHM2woCHZSGA0sy8fedCZOGo=
64,37,eiqTXHoBIW6T86pF1tPcP0oCD/Y=,8jyyHM2woCHZSGA0sy8fedCZOGo=
72,33,eiqTXHoBIW6T86pF1tPcP0oCD/Y=,8jyyHM2woCHZSGA0sy8fedCZOGo=
71,33,eiqTXHoBIW6T86pF1tPcP0oCD/Y=,8jyyHM2woCHZSGA0sy8fedCZOGo=
73,37,eiqTXHoBIW6T86pF1tPcP0oCD/Y=,8jyyHM2woCHZSGA0sy8fedCZOGo=
72,37,eiqTXHoBIW6T86pF1tPcP0oCD/Y=,8jyyHM2woCHZSGA0sy8fedCZOGo=
73,34,eiqTXHoBIW6T86pF1tPcP0oCD/Y=,8jyyHM2woCHZSGA0sy8fedCZOGo=
77,37,eiqTXHoBIW6T86pF1tPcP0oCD/Y=,8jyyHM2woCHZSGA0sy8fedCZOGo=
78,37,eiqTXHoBIW6T86pF1tPcP0oCD/Y=,8jyyHM2woCHZSGA0sy8fedCZOGo=
71,36,eiqTXHoBIW6T86pF1tPcP0oCD/Y=,8jyyHM2woCHZSGA0sy8fedCZOGo=
70,36,eiqTXHoBIW6T86pF1tPcP0oCD/Y=,8jyyHM2woCHZSGA0sy8fedCZOGo=
77,35,eiqTXHoBIW6T86pF1tPcP0oCD/Y=,8jyyHM2woCHZSGA0sy8fedCZOGo=
69,36,eiqTXHoBIW6T86pF1tPcP0oCD/Y=,8jyyHM2woCHZSGA0sy8fedCZOGo=
68,36,eiqTXHoBIW6T86pF1tPcP0oCD/Y=,8jyyHM2woCHZSGA0sy8fedCZOGo=
67,36,eiqTXHoBIW6T86pF1tPcP0oCD/Y=,8jyyHM2woCHZSGA0sy8fedCZOGo=
66,36,eiqTXHoBIW6T86pF1tPcP0oCD/Y=,8jyyHM2woCHZSGA0sy8fedCZOGo=
65,36,eiqTXHoBIW6T86pF1tPcP0oCD/Y=,8jyyHM2woCHZSGA0sy8fedCZOGo=
70,32,eiqTXHoBIW6T86pF1tPcP0oCD/Y=,8jyyHM2woCHZSGA0sy8fedCZOGo=
71,34,eiqTXHoBIW6T86pF1tPcP0oCD/Y=,8jyyHM2woCHZSGA0sy8fedCZOGo=
64,36,eiqTXHoBIW6T86pF1tPcP0oCD/Y=,8jyyHM2woCHZSGA0sy8fedCZOGo=
70,33,eiqTXHoBIW6T86pF1tPcP0oCD/Y=,8jyyHM2woCHZSGA0sy8fedCZOGo=
72,34,eiqTXHoBIW6T86pF1tPcP0oCD/Y=,8jyyHM2woCHZSGA0sy8fedCZOGo=
78,36,eiqTXHoBIW6T86pF1tPcP0oCD/Y=,8jyyHM2woCHZSGA0sy8fedCZOGo=
77,36,eiqTXHoBIW6T86pF1tPcP0oCD/Y=,8jyyHM2woCHZSGA0sy8fedCZOGo=
76,36,eiqTXHoBIW6T86pF1tPcP0oCD/Y=,8jyyHM2woCHZSGA0sy8fedCZOGo=
79,36,eiqTXHoBIW6T86pF1tPcP0oCD/Y=,8jyyHM2woCHZSGA0sy8fedCZOGo=
73,36,eiqTXHoBIW6T86pF1tPcP0oCD/Y=,8jyyHM2woCHZSGA0sy8fedCZOGo=
75,36,eiqTXHoBIW6T86pF1tPcP0oCD/Y=,8jyyHM2woCHZSGA0sy8fedCZOGo=
72,36,eiqTXHoBIW6T86pF1tPcP0oCD/Y=,8jyyHM2woCHZSGA0sy8fedCZOGo=
78,35,eiqTXHoBIW6T86pF1tPcP0oCD/Y=,8jyyHM2woCHZSGA0sy8fedCZOGo=
74,36,eiqTXHoBIW6T86pF1tPcP0oCD/Y=,8jyyHM2woCHZSGA0sy8fedCZOGo=
79,35,eiqTXHoBIW6T86pF1tPcP0oCD/Y=,8jyyHM2woCHZSGA0sy8fedCZOGo=
71,51,eiqTXHoBIW6T86pF1tPcP0oCD/Y=,R2JPqZ7KSC6uFub1YCY7Xafy4rQ=
69,48,yxdaz0d/b3l3leNhBd4GsP5kITw=,R2JPqZ7KSC6uFub1YCY7Xafy4rQ=
69,50,yxdaz0d/b3l3leNhBd4GsP5kITw=,R2JPqZ7KSC6uFub1YCY7Xafy4rQ=
70,50,yxdaz0d/b3l3leNhBd4GsP5kITw=,R2JPqZ7KSC6uFub1YCY7Xafy4rQ=
70,51,yxdaz0d/b3l3leNhBd4GsP5kITw=,R2JPqZ7KSC6uFub1YCY7Xafy4rQ=
69,51,yxdaz0d/b3l3leNhBd4GsP5kITw=,R2JPqZ7KSC6uFub1YCY7Xafy4rQ=
67,48,yxdaz0d/b3l3leNhBd4GsP5kITw=,R2JPqZ7KSC6uFub1YCY7Xafy4rQ=
68,51,yxdaz0d/b3l3leNhBd4GsP5kITw=,R2JPqZ7KSC6uFub1YCY7Xafy4rQ=
67,51,yxdaz0d/b3l3leNhBd4GsP5kITw=,R2JPqZ7KSC6uFub1YCY7Xafy4rQ=
69,49,yxdaz0d/b3l3leNhBd4GsP5kITw=,R2JPqZ7KSC6uFub1YCY7Xafy4rQ=
68,49,yxdaz0d/b3l3leNhBd4GsP5kITw=,R2JPqZ7KSC6uFub1YCY7Xafy4rQ=
66,51,yxdaz0d/b3l3leNhBd4GsP5kITw=,R2JPqZ7KSC6uFub1YCY7Xafy4rQ=
79,63,yxdaz0d/b3l3leNhBd4GsP5kITw=,R2JPqZ7KSC6uFub1YCY7Xafy4rQ=
68,50,yxdaz0d/b3l3leNhBd4GsP5kITw=,R2JPqZ7KSC6uFub1YCY7Xafy4rQ=
78,63,yxdaz0d/b3l3leNhBd4GsP5kITw=,R2JPqZ7KSC6uFub1YCY7Xafy4rQ=
65,48,yxdaz0d/b3l3leNhBd4GsP5kITw=,R2JPqZ7KSC6uFub1YCY7Xafy4rQ=
77,63,yxdaz0d/b3l3leNhBd4GsP5kITw=,R2JPqZ7KSC6uFub1YCY7Xafy4rQ=
76,63,yxdaz0d/b3l3leNhBd4GsP5kITw=,R2JPqZ7KSC6uFub1YCY7Xafy4rQ=
75,63,yxdaz0d/b3l3leNhBd4GsP5kITw=,R2JPqZ7KSC6uFub1YCY7Xafy4rQ=
72,63,yxdaz0d/b3l3leNhBd4GsP5kITw=,R2JPqZ7KSC6uFub1YCY7Xafy4rQ=
73,63,yxdaz0d/b3l3leNhBd4GsP5kITw=,R2JPqZ7KSC6uFub1YCY7Xafy4rQ=
71,63,yxdaz0d/b3l3leNhBd4GsP5kITw=,R2JPqZ7KSC6uFub1YCY7Xafy4rQ=
74,63,yxdaz0d/b3l3leNhBd4GsP5kITw=,R2JPqZ7KSC6uFub1YCY7Xafy4rQ=
70,63,yxdaz0d/b3l3leNhBd4GsP5kITw=,R2JPqZ7KSC6uFub1YCY7Xafy4rQ=
69,63,yxdaz0d/b3l3leNhBd4GsP5kITw=,R2JPqZ7KSC6uFub1YCY7Xafy4rQ=
68,63,yxdaz0d/b3l3leNhBd4GsP5kITw=,R2JPqZ7KSC6uFub1YCY7Xafy4rQ=
67,63,yxdaz0d/b3l3leNhBd4GsP5kITw=,R2JPqZ7KSC6uFub1YCY7Xafy4rQ=
66,63,yxdaz0d/b3l3leNhBd4GsP5kITw=,R2JPqZ7KSC6uFub1YCY7Xafy4rQ=
68,48,yxdaz0d/b3l3leNhBd4GsP5kITw=,R2JPqZ7KSC6uFub1YCY7Xafy4rQ=
79,62,yxdaz0d/b3l3leNhBd4GsP5kITw=,R2JPqZ7KSC6uFub1YCY7Xafy4rQ=
67,50,yxdaz0d/b3l3leNhBd4GsP5kITw=,R2JPqZ7KSC6uFub1YCY7Xafy4rQ=
78,62,yxdaz0d/b3l3leNhBd4GsP5kITw=,R2JPqZ7KSC6uFub1YCY7Xafy4rQ=
65,51,yxdaz0d/b3l3leNhBd4GsP5kITw=,R2JPqZ7KSC6uFub1YCY7Xafy4rQ=
77,62,yxdaz0d/b3l3leNhBd4GsP5kITw=,R2JPqZ7KSC6uFub1YCY7Xafy4rQ=
76,62,yxdaz0d/b3l3leNhBd4GsP5kITw=,R2JPqZ7KSC6uFub1YCY7Xafy4rQ=
75,62,yxdaz0d/b3l3leNhBd4GsP5kITw=,R2JPqZ7KSC6uFub1YCY7Xafy4rQ=
74,62,yxdaz0d/b3l3leNhBd4GsP5kITw=,R2JPqZ7KSC6uFub1YCY7Xafy4rQ=
73,62,yxdaz0d/b3l3leNhBd4GsP5kITw=,R2JPqZ7KSC6uFub1YCY7Xafy4rQ=
72,62,yxdaz0d/b3l3leNhBd4GsP5kITw=,R2JPqZ7KSC6uFub1YCY7Xafy4rQ=
70,62,yxdaz0d/b3l3leNhBd4GsP5kITw=,R2JPqZ7KSC6uFub1YCY7Xafy4rQ=
71,62,yxdaz0d/b3l3leNhBd4GsP5kITw=,R2JPqZ7KSC6uFub1YCY7Xafy4rQ=
69,62,yxdaz0d/b3l3leNhBd4GsP5kITw=,R2JPqZ7KSC6uFub1YCY7Xafy4rQ=
68,62,yxdaz0d/b3l3leNhBd4GsP5kITw=,R2JPqZ7KSC6uFub1YCY7Xafy4rQ=
67,62,yxdaz0d/b3l3leNhBd4GsP5kITw=,R2JPqZ7KSC6uFub1YCY7Xafy4rQ=
66,62,yxdaz0d/b3l3leNhBd4GsP5kITw=,R2JPqZ7KSC6uFub1YCY7Xafy4rQ=
67,49,yxdaz0d/b3l3leNhBd4GsP5kITw=,R2JPqZ7KSC6uFub1YCY7Xafy4rQ=
66,50,yxdaz0d/b3l3leNhBd4GsP5kITw=,R2JPqZ7KSC6uFub1YCY7Xafy4rQ=
79,61,yxdaz0d/b3l3leNhBd4GsP5kITw=,R2JPqZ7KSC6uFub1YCY7Xafy4rQ=
78,61,yxdaz0d/b3l3leNhBd4GsP5kITw=,R2JPqZ7KSC6uFub1YCY7Xafy4rQ=
76,61,yxdaz0d/b3l3leNhBd4GsP5kITw=,R2JPqZ7KSC6uFub1YCY7Xafy4rQ=
77,61,yxdaz0d/b3l3leNhBd4GsP5kITw=,R2JPqZ7KSC6uFub1YCY7Xafy4rQ=
75,61,yxdaz0d/b3l3leNhBd4GsP5kITw=,R2JPqZ7KSC6uFub1YCY7Xafy4rQ=
73,61,yxdaz0d/b3l3leNhBd4GsP5kITw=,R2JPqZ7KSC6uFub1YCY7Xafy4rQ=
72,61,yxdaz0d/b3l3leNhBd4GsP5kITw=,R2JPqZ7KSC6uFub1YCY7Xafy4rQ=
74,61,yxdaz0d/b3l3leNhBd4GsP5kITw=,R2JPqZ7KSC6uFub1YCY7Xafy4rQ=
71,61,yxdaz0d/b3l3leNhBd4GsP5kITw=,R2JPqZ7KSC6uFub1YCY7Xafy4rQ=
70,61,yxdaz0d/b3l3leNhBd4GsP5kITw=,R2JPqZ7KSC6uFub1YCY7Xafy4rQ=
69,61,yxdaz0d/b3l3leNhBd4GsP5kITw=,R2JPqZ7KSC6uFub1YCY7Xafy4rQ=
68,61,yxdaz0d/b3l3leNhBd4GsP5kITw=,R2JPqZ7KSC6uFub1YCY7Xafy4rQ=
67,61,yxdaz0d/b3l3leNhBd4GsP5kITw=,R2JPqZ7KSC6uFub1YCY7Xafy4rQ=
66,61,yxdaz0d/b3l3leNhBd4GsP5kITw=,R2JPqZ7KSC6uFub1YCY7Xafy4rQ=
66,49,yxdaz0d/b3l3leNhBd4GsP5kITw=,R2JPqZ7KSC6uFub1YCY7Xafy4rQ=
65,50,yxdaz0d/b3l3leNhBd4GsP5kITw=,R2JPqZ7KSC6uFub1YCY7Xafy4rQ=
79,60,yxdaz0d/b3l3leNhBd4GsP5kITw=,R2JPqZ7KSC6uFub1YCY7Xafy4rQ=
78,60,yxdaz0d/b3l3leNhBd4GsP5kITw=,R2JPqZ7KSC6uFub1YCY7Xafy4rQ=
77,60,yxdaz0d/b3l3leNhBd4GsP5kITw=,R2JPqZ7KSC6uFub1YCY7Xafy4rQ=
76,60,yxdaz0d/b3l3leNhBd4GsP5kITw=,R2JPqZ7KSC6uFub1YCY7Xafy4rQ=
75,60,yxdaz0d/b3l3leNhBd4GsP5kITw=,R2JPqZ7KSC6uFub1YCY7Xafy4rQ=
65,63,yxdaz0d/b3l3leNhBd4GsP5kITw=,R2JPqZ7KSC6uFub1YCY7Xafy4rQ=
74,60,yxdaz0d/b3l3leNhBd4GsP5kITw=,R2JPqZ7KSC6uFub1YCY7Xafy4rQ=
72,60,yxdaz0d/b3l3leNhBd4GsP5kITw=,R2JPqZ7KSC6uFub1YCY7Xafy4rQ=
73,60,yxdaz0d/b3l3leNhBd4GsP5kITw=,R2JPqZ7KSC6uFub1YCY7Xafy4rQ=
71,60,yxdaz0d/b3l3leNhBd4GsP5kITw=,R2JPqZ7KSC6uFub1YCY7Xafy4rQ=
70,60,yxdaz0d/b3l3leNhBd4GsP5kITw=,R2JPqZ7KSC6uFub1YCY7Xafy4rQ=
69,60,yxdaz0d/b3l3leNhBd4GsP5kITw=,R2JPqZ7KSC6uFub1YCY7Xafy4rQ=
68,60,yxdaz0d/b3l3leNhBd4GsP5kITw=,R2JPqZ7KSC6uFub1YCY7Xafy4rQ=
67,60,yxdaz0d/b3l3leNhBd4GsP5kITw=,R2JPqZ7KSC6uFub1YCY7Xafy4rQ=
66,60,yxdaz0d/b3l3leNhBd4GsP5kITw=,R2JPqZ7KSC6uFub1YCY7Xafy4rQ=
65,62,yxdaz0d/b3l3leNhBd4GsP5kITw=,R2JPqZ7KSC6uFub1YCY7Xafy4rQ=
64,63,yxdaz0d/b3l3leNhBd4GsP5kITw=,R2JPqZ7KSC6uFub1YCY7Xafy4rQ=
65,61,yxdaz0d/b3l3leNhBd4GsP5kITw=,R2JPqZ7KSC6uFub1YCY7Xafy4rQ=
65,49,yxdaz0d/b3l3leNhBd4GsP5kITw=,R2JPqZ7KSC6uFub1YCY7Xafy4rQ=
66,48,yxdaz0d/b3l3leNhBd4GsP5kITw=,R2JPqZ7KSC6uFub1YCY7Xafy4rQ=
64,49,yxdaz0d/b3l3leNhBd4GsP5kITw=,R2JPqZ7KSC6uFub1YCY7Xafy4rQ=
64,51,yxdaz0d/b3l3leNhBd4GsP5kITw=,R2JPqZ7KSC6uFub1YCY7Xafy4rQ=
79,50,yxdaz0d/b3l3leNhBd4GsP5kITw=,R2JPqZ7KSC6uFub1YCY7Xafy4rQ=
64,50,yxdaz0d/b3l3leNhBd4GsP5kITw=,R2JPqZ7KSC6uFub1YCY7Xafy4rQ=
78,48,yxdaz0d/b3l3leNhBd4GsP5kITw=,R2JPqZ7KSC6uFub1YCY7Xafy4rQ=
79,49,yxdaz0d/b3l3leNhBd4GsP5kITw=,R2JPqZ7KSC6uFub1YCY7Xafy4rQ=
78,49,yxdaz0d/b3l3leNhBd4GsP5kITw=,R2JPqZ7KSC6uFub1YCY7Xafy4rQ=
79,59,yxdaz0d/b3l3leNhBd4GsP5kITw=,R2JPqZ7KSC6uFub1YCY7Xafy4rQ=
78,59,yxdaz0d/b3l3leNhBd4GsP5kITw=,R2JPqZ7KSC6uFub1YCY7Xafy4rQ=
77,59,yxdaz0d/b3l3leNhBd4GsP5kITw=,R2JPqZ7KSC6uFub1YCY7Xafy4rQ=
76,59,yxdaz0d/b3l3leNhBd4GsP5kITw=,R2JPqZ7KSC6uFub1YCY7Xafy4rQ=
65,60,yxdaz0d/b3l3leNhBd4GsP5kITw=,R2JPqZ7KSC6uFub1YCY7Xafy4rQ=
75,59,yxdaz0d/b3l3leNhBd4GsP5kITw=,R2JPqZ7KSC6uFub1YCY7Xafy4rQ=
64,62,yxdaz0d/b3l3leNhBd4GsP5kITw=,R2JPqZ7KSC6uFub1YCY7Xafy4rQ=
64,61,yxdaz0d/b3l3leNhBd4GsP5kITw=,R2JPqZ7KSC6uFub1YCY7Xafy4rQ=
74,59,yxdaz0d/b3l3leNhBd4GsP5kITw=,R2JPqZ7KSC6uFub1YCY7Xafy4rQ=
73,59,yxdaz0d/b3l3leNhBd4GsP5kITw=,R2JPqZ7KSC6uFub1YCY7Xafy4rQ=
72,59,yxdaz0d/b3l3leNhBd4GsP5kITw=,R2JPqZ7KSC6uFub1YCY7Xafy4rQ=
71,59,yxdaz0d/b3l3leNhBd4GsP5kITw=,R2JPqZ7KSC6uFub1YCY7Xafy4rQ=
70,59,yxdaz0d/b3l3leNhBd4GsP5kITw=,R2JPqZ7KSC6uFub1YCY7Xafy4rQ=
69,59,yxdaz0d/b3l3leNhBd4GsP5kITw=,R2JPqZ7KSC6uFub1YCY7Xafy4rQ=
67,59,yxdaz0d/b3l3leNhBd4GsP5kITw=,R2JPqZ7KSC6uFub1YCY7Xafy4rQ=
66,59,yxdaz0d/b3l3leNhBd4GsP5kITw=,R2JPqZ7KSC6uFub1YCY7Xafy4rQ=
68,59,yxdaz0d/b3l3leNhBd4GsP5kITw=,R2JPqZ7KSC6uFub1YCY7Xafy4rQ=
65,59,yxdaz0d/b3l3leNhBd4GsP5kITw=,R2JPqZ7KSC6uFub1YCY7Xafy4rQ=
77,48,yxdaz0d/b3l3leNhBd4GsP5kITw=,R2JPqZ7KSC6uFub1YCY7Xafy4rQ=
64,59,yxdaz0d/b3l3leNhBd4GsP5kITw=,R2JPqZ7KSC6uFub1YCY7Xafy4rQ=
78,50,yxdaz0d/b3l3leNhBd4GsP5kITw=,R2JPqZ7KSC6uFub1YCY7Xafy4rQ=
77,49,yxdaz0d/b3l3leNhBd4GsP5kITw=,R2JPqZ7KSC6uFub1YCY7Xafy4rQ=
79,58,yxdaz0d/b3l3leNhBd4GsP5kITw=,R2JPqZ7KSC6uFub1YCY7Xafy4rQ=
78,58,yxdaz0d/b3l3leNhBd4GsP5kITw=,R2JPqZ7KSC6uFub1YCY7Xafy4rQ=
77,58,yxdaz0d/b3l3leNhBd4GsP5kITw=,R2JPqZ7KSC6uFub1YCY7Xafy4rQ=
76,58,yxdaz0d/b3l3leNhBd4GsP5kITw=,R2JPqZ7KSC6uFub1YCY7Xafy4rQ=
75,58,yxdaz0d/b3l3leNhBd4GsP5kITw=,R2JPqZ7KSC6uFub1YCY7Xafy4rQ=
74,58,yxdaz0d/b3l3leNhBd4GsP5kITw=,R2JPqZ7KSC6uFub1YCY7Xafy4rQ=
73,58,yxdaz0d/b3l3leNhBd4GsP5kITw=,R2JPqZ7KSC6uFub1YCY7Xafy4rQ=
72,58,yxdaz0d/b3l3leNhBd4GsP5kITw=,R2JPqZ7KSC6uFub1YCY7Xafy4rQ=
71,58,yxdaz0d/b3l3leNhBd4GsP5kITw=,R2JPqZ7KSC6uFub1YCY7Xafy4rQ=
70,58,yxdaz0d/b3l3leNhBd4GsP5kITw=,R2JPqZ7KSC6uFub1YCY7Xafy4rQ=
69,58,yxdaz0d/b3l3leNhBd4GsP5kITw=,R2JPqZ7KSC6uFub1YCY7Xafy4rQ=
68,58,yxdaz0d/b3l3leNhBd4GsP5kITw=,R2JPqZ7KSC6uFub1YCY7Xafy4rQ=
67,58,yxdaz0d/b3l3leNhBd4GsP5kITw=,R2JPqZ7KSC6uFub1YCY7Xafy4rQ=
66,58,yxdaz0d/b3l3leNhBd4GsP5kITw=,R2JPqZ7KSC6uFub1YCY7Xafy4rQ=
65,58,yxdaz0d/b3l3leNhBd4GsP5kITw=,R2JPqZ7KSC6uFub1YCY7Xafy4rQ=
77,50,yxdaz0d/b3l3leNhBd4GsP5kITw=,R2JPqZ7KSC6uFub1YCY7Xafy4rQ=
76,48,yxdaz0d/b3l3leNhBd4GsP5kITw=,R2JPqZ7KSC6uFub1YCY7Xafy4rQ=
64,58,yxdaz0d/b3l3leNhBd4GsP5kITw=,R2JPqZ7KSC6uFub1YCY7Xafy4rQ=
79,57,yxdaz0d/b3l3leNhBd4GsP5kITw=,R2JPqZ7KSC6uFub1YCY7Xafy4rQ=
76,49,yxdaz0d/b3l3leNhBd4GsP5kITw=,R2JPqZ7KSC6uFub1YCY7Xafy4rQ=
78,57,yxdaz0d/b3l3leNhBd4GsP5kITw=,R2JPqZ7KSC6uFub1YCY7Xafy4rQ=
77,57,yxdaz0d/b3l3leNhBd4GsP5kITw=,R2JPqZ7KSC6uFub1YCY7Xafy4rQ=
64,60,yxdaz0d/b3l3leNhBd4GsP5kITw=,R2JPqZ7KSC6uFub1YCY7Xafy4rQ=
76,57,yxdaz0d/b3l3leNhBd4GsP5kITw=,R2JPqZ7KSC6uFub1YCY7Xafy4rQ=
74,57,yxdaz0d/b3l3leNhBd4GsP5kITw=,R2JPqZ7KSC6uFub1YCY7Xafy4rQ=
75,57,yxdaz0d/b3l3leNhBd4GsP5kITw=,R2JPqZ7KSC6uFub1YCY7Xafy4rQ=
73,57,yxdaz0d/b3l3leNhBd4GsP5kITw=,R2JPqZ7KSC6uFub1YCY7Xafy4rQ=
72,57,yxdaz0d/b3l3leNhBd4GsP5kITw=,R2JPqZ7KSC6uFub1YCY7Xafy4rQ=
71,57,yxdaz0d/b3l3leNhBd4GsP5kITw=,R2JPqZ7KSC6uFub1YCY7Xafy4rQ=
69,57,yxdaz0d/b3l3leNhBd4GsP5kITw=,R2JPqZ7KSC6uFub1YCY7Xafy4rQ=
70,57,yxdaz0d/b3l3leNhBd4GsP5kITw=,R2JPqZ7KSC6uFub1YCY7Xafy4rQ=
67,57,yxdaz0d/b3l3leNhBd4GsP5kITw=,R2JPqZ7KSC6uFub1YCY7Xafy4rQ=
66,57,yxdaz0d/b3l3leNhBd4GsP5kITw=,R2JPqZ7KSC6uFub1YCY7Xafy4rQ=
68,57,yxdaz0d/b3l3leNhBd4GsP5kITw=,R2JPqZ7KSC6uFub1YCY7Xafy4rQ=
65,57,yxdaz0d/b3l3leNhBd4GsP5kITw=,R2JPqZ7KSC6uFub1YCY7Xafy4rQ=
76,50,yxdaz0d/b3l3leNhBd4GsP5kITw=,R2JPqZ7KSC6uFub1YCY7Xafy4rQ=
64,57,yxdaz0d/b3l3leNhBd4GsP5kITw=,R2JPqZ7KSC6uFub1YCY7Xafy4rQ=
79,56,yxdaz0d/b3l3leNhBd4GsP5kITw=,R2JPqZ7KSC6uFub1YCY7Xafy4rQ=
75,49,yxdaz0d/b3l3leNhBd4GsP5kITw=,R2JPqZ7KSC6uFub1YCY7Xafy4rQ=
75,48,yxdaz0d/b3l3leNhBd4GsP5kITw=,R2JPqZ7KSC6uFub1YCY7Xafy4rQ=
78,56,yxdaz0d/b3l3leNhBd4GsP5kITw=,R2JPqZ7KSC6uFub1YCY7Xafy4rQ=
77,56,yxdaz0d/b3l3leNhBd4GsP5kITw=,R2JPqZ7KSC6uFub1YCY7Xafy4rQ=
76,56,yxdaz0d/b3l3leNhBd4GsP5kITw=,R2JPqZ7KSC6uFub1YCY7Xafy4rQ=
75,56,yxdaz0d/b3l3leNhBd4GsP5kITw=,R2JPqZ7KSC6uFub1YCY7Xafy4rQ=
74,56,yxdaz0d/b3l3leNhBd4GsP5kITw=,R2JPqZ7KSC6uFub1YCY7Xafy4rQ=
73,56,yxdaz0d/b3l3leNhBd4GsP5kITw=,R2JPqZ7KSC6uFub1YCY7Xafy4rQ=
72,56,yxdaz0d/b3l3leNhBd4GsP5kITw=,R2JPqZ7KSC6uFub1YCY7Xafy4rQ=
71,56,yxdaz0d/b3l3leNhBd4GsP5kITw=,R2JPqZ7KSC6uFub1YCY7Xafy4rQ=
70,56,yxdaz0d/b3l3leNhBd4GsP5kITw=,R2JPqZ7KSC6uFub1YCY7Xafy4rQ=
69,56,yxdaz0d/b3l3leNhBd4GsP5kITw=,R2JPqZ7KSC6uFub1YCY7Xafy4rQ=
68,56,yxdaz0d/b3l3leNhBd4GsP5kITw=,R2JPqZ7KSC6uFub1YCY7Xafy4rQ=
67,56,yxdaz0d/b3l3leNhBd4GsP5kITw=,R2JPqZ7KSC6uFub1YCY7Xafy4rQ=
66,56,yxdaz0d/b3l3leNhBd4GsP5kITw=,R2JPqZ7KSC6uFub1YCY7Xafy4rQ=
65,56,yxdaz0d/b3l3leNhBd4GsP5kITw=,R2JPqZ7KSC6uFub1YCY7Xafy4rQ=
75,50,yxdaz0d/b3l3leNhBd4GsP5kITw=,R2JPqZ7KSC6uFub1YCY7Xafy4rQ=
64,56,yxdaz0d/b3l3leNhBd4GsP5kITw=,R2JPqZ7KSC6uFub1YCY7Xafy4rQ=
74,48,yxdaz0d/b3l3leNhBd4GsP5kITw=,R2JPqZ7KSC6uFub1YCY7Xafy4rQ=
79,55,yxdaz0d/b3l3leNhBd4GsP5kITw=,R2JPqZ7KSC6uFub1YCY7Xafy4rQ=
74,49,yxdaz0d/b3l3leNhBd4GsP5kITw=,R2JPqZ7KSC6uFub1YCY7Xafy4rQ=
78,55,yxdaz0d/b3l3leNhBd4GsP5kITw=,R2JPqZ7KSC6uFub1YCY7Xafy4rQ=
77,55,yxdaz0d/b3l3leNhBd4GsP5kITw=,R2JPqZ7KSC6uFub1YCY7Xafy4rQ=
76,55,yxdaz0d/b3l3leNhBd4GsP5kITw=,R2JPqZ7KSC6uFub1YCY7Xafy4rQ=
74,55,yxdaz0d/b3l3leNhBd4GsP5kITw=,R2JPqZ7KSC6uFub1YCY7Xafy4rQ=
75,55,yxdaz0d/b3l3leNhBd4GsP5kITw=,R2JPqZ7KSC6uFub1YCY7Xafy4rQ=
73,55,yxdaz0d/b3l3leNhBd4GsP5kITw=,R2JPqZ7KSC6uFub1YCY7Xafy4rQ=
72,55,yxdaz0d/b3l3leNhBd4GsP5kITw=,R2JPqZ7KSC6uFub1YCY7Xafy4rQ=
71,55,yxdaz0d/b3l3leNhBd4GsP5kITw=,R2JPqZ7KSC6uFub1YCY7Xafy4rQ=
70,55,yxdaz0d/b3l3leNhBd4GsP5kITw=,R2JPqZ7KSC6uFub1YCY7Xafy4rQ=
69,55,yxdaz0d/b3l3leNhBd4GsP5kITw=,R2JPqZ7KSC6uFub1YCY7Xafy4rQ=
68,55,yxdaz0d/b3l3leNhBd4GsP5kITw=,R2JPqZ7KSC6uFub1YCY7Xafy4rQ=
67,55,yxdaz0d/b3l3leNhBd4GsP5kITw=,R2JPqZ7KSC6uFub1YCY7Xafy4rQ=
66,55,yxdaz0d/b3l3leNhBd4GsP5kITw=,R2JPqZ7KSC6uFub1YCY7Xafy4rQ=
65,55,yxdaz0d/b3l3leNhBd4GsP5kITw=,R2JPqZ7KSC6uFub1YCY7Xafy4rQ=
74,50,yxdaz0d/b3l3leNhBd4GsP5kITw=,R2JPqZ7KSC6uFub1YCY7Xafy4rQ=
64,55,yxdaz0d/b3l3leNhBd4GsP5kITw=,R2JPqZ7KSC6uFub1YCY7Xafy4rQ=
73,48,yxdaz0d/b3l3leNhBd4GsP5kITw=,R2JPqZ7KSC6uFub1YCY7Xafy4rQ=
79,54,yxdaz0d/b3l3leNhBd4GsP5kITw=,R2JPqZ7KSC6uFub1YCY7Xafy4rQ=
73,49,yxdaz0d/b3l3leNhBd4GsP5kITw=,R2JPqZ7KSC6uFub1YCY7Xafy4rQ=
78,54,yxdaz0d/b3l3leNhBd4GsP5kITw=,R2JPqZ7KSC6uFub1YCY7Xafy4rQ=
77,54,yxdaz0d/b3l3leNhBd4GsP5kITw=,R2JPqZ7KSC6uFub1YCY7Xafy4rQ=
76,54,yxdaz0d/b3l3leNhBd4GsP5kITw=,R2JPqZ7KSC6uFub1YCY7Xafy4rQ=
75,54,yxdaz0d/b3l3leNhBd4GsP5kITw=,R2JPqZ7KSC6uFub1YCY7Xafy4rQ=
74,54,yxdaz0d/b3l3leNhBd4GsP5kITw=,R2JPqZ7KSC6uFub1YCY7Xafy4rQ=
72,54,yxdaz0d/b3l3leNhBd4GsP5kITw=,R2JPqZ7KSC6uFub1YCY7Xafy4rQ=
73,54,yxdaz0d/b3l3leNhBd4GsP5kITw=,R2JPqZ7KSC6uFub1YCY7Xafy4rQ=
71,54,yxdaz0d/b3l3leNhBd4GsP5kITw=,R2JPqZ7KSC6uFub1YCY7Xafy4rQ=
69,54,yxdaz0d/b3l3leNhBd4GsP5kITw=,R2JPqZ7KSC6uFub1YCY7Xafy4rQ=
70,54,yxdaz0d/b3l3leNhBd4GsP5kITw=,R2JPqZ7KSC6uFub1YCY7Xafy4rQ=
68,54,yxdaz0d/b3l3leNhBd4GsP5kITw=,R2JPqZ7KSC6uFub1YCY7Xafy4rQ=
67,54,yxdaz0d/b3l3leNhBd4GsP5kITw=,R2JPqZ7KSC6uFub1YCY7Xafy4rQ=
65,54,yxdaz0d/b3l3leNhBd4GsP5kITw=,R2JPqZ7KSC6uFub1YCY7Xafy4rQ=
66,54,yxdaz0d/b3l3leNhBd4GsP5kITw=,R2JPqZ7KSC6uFub1YCY7Xafy4rQ=
73,50,yxdaz0d/b3l3leNhBd4GsP5kITw=,R2JPqZ7KSC6uFub1YCY7Xafy4rQ=
64,54,yxdaz0d/b3l3leNhBd4GsP5kITw=,R2JPqZ7KSC6uFub1YCY7Xafy4rQ=
64,48,yxdaz0d/b3l3leNhBd4GsP5kITw=,R2JPqZ7KSC6uFub1YCY7Xafy4rQ=
72,48,yxdaz0d/b3l3leNhBd4GsP5kITw=,R2JPqZ7KSC6uFub1YCY7Xafy4rQ=
72,49,yxdaz0d/b3l3leNhBd4GsP5kITw=,R2JPqZ7KSC6uFub1YCY7Xafy4rQ=
79,53,yxdaz0d/b3l3leNhBd4GsP5kITw=,R2JPqZ7KSC6uFub1YCY7Xafy4rQ=
78,53,yxdaz0d/b3l3leNhBd4GsP5kITw=,R2JPqZ7KSC6uFub1YCY7Xafy4rQ=
77,53,yxdaz0d/b3l3leNhBd4GsP5kITw=,R2JPqZ7KSC6uFub1YCY7Xafy4rQ=
76,53,yxdaz0d/b3l3leNhBd4GsP5kITw=,R2JPqZ7KSC6uFub1YCY7Xafy4rQ=
75,53,yxdaz0d/b3l3leNhBd4GsP5kITw=,R2JPqZ7KSC6uFub1YCY7Xafy4rQ=
74,53,yxdaz0d/b3l3leNhBd4GsP5kITw=,R2JPqZ7KSC6uFub1YCY7Xafy4rQ=
73,53,yxdaz0d/b3l3leNhBd4GsP5kITw=,R2JPqZ7KSC6uFub1YCY7Xafy4rQ=
72,53,yxdaz0d/b3l3leNhBd4GsP5kITw=,R2JPqZ7KSC6uFub1YCY7Xafy4rQ=
71,53,yxdaz0d/b3l3leNhBd4GsP5kITw=,R2JPqZ7KSC6uFub1YCY7Xafy4rQ=
70,53,yxdaz0d/b3l3leNhBd4GsP5kITw=,R2JPqZ7KSC6uFub1YCY7Xafy4rQ=
69,53,yxdaz0d/b3l3leNhBd4GsP5kITw=,R2JPqZ7KSC6uFub1YCY7Xafy4rQ=
68,53,yxdaz0d/b3l3leNhBd4GsP5kITw=,R2JPqZ7KSC6uFub1YCY7Xafy4rQ=
67,53,yxdaz0d/b3l3leNhBd4GsP5kITw=,R2JPqZ7KSC6uFub1YCY7Xafy4rQ=
66,53,yxdaz0d/b3l3leNhBd4GsP5kITw=,R2JPqZ7KSC6uFub1YCY7Xafy4rQ=
65,53,yxdaz0d/b3l3leNhBd4GsP5kITw=,R2JPqZ7KSC6uFub1YCY7Xafy4rQ=
72,50,yxdaz0d/b3l3leNhBd4GsP5kITw=,R2JPqZ7KSC6uFub1YCY7Xafy4rQ=
64,53,yxdaz0d/b3l3leNhBd4GsP5kITw=,R2JPqZ7KSC6uFub1YCY7Xafy4rQ=
71,49,yxdaz0d/b3l3leNhBd4GsP5kITw=,R2JPqZ7KSC6uFub1YCY7Xafy4rQ=
71,48,yxdaz0d/b3l3leNhBd4GsP5kITw=,R2JPqZ7KSC6uFub1YCY7Xafy4rQ=
79,52,yxdaz0d/b3l3leNhBd4GsP5kITw=,R2JPqZ7KSC6uFub1YCY7Xafy4rQ=
78,52,yxdaz0d/b3l3leNhBd4GsP5kITw=,R2JPqZ7KSC6uFub1YCY7Xafy4rQ=
77,52,yxdaz0d/b3l3leNhBd4GsP5kITw=,R2JPqZ7KSC6uFub1YCY7Xafy4rQ=
76,52,yxdaz0d/b3l3leNhBd4GsP5kITw=,R2JPqZ7KSC6uFub1YCY7Xafy4rQ=
75,52,yxdaz0d/b3l3leNhBd4GsP5kITw=,R2JPqZ7KSC6uFub1YCY7Xafy4rQ=
74,52,yxdaz0d/b3l3leNhBd4GsP5kITw=,R2JPqZ7KSC6uFub1YCY7Xafy4rQ=
73,52,yxdaz0d/b3l3leNhBd4GsP5kITw=,R2JPqZ7KSC6uFub1YCY7Xafy4rQ=
72,52,yxdaz0d/b3l3leNhBd4GsP5kITw=,R2JPqZ7KSC6uFub1YCY7Xafy4rQ=
71,52,yxdaz0d/b3l3leNhBd4GsP5kITw=,R2JPqZ7KSC6uFub1YCY7Xafy4rQ=
70,52,yxdaz0d/b3l3leNhBd4GsP5kITw=,R2JPqZ7KSC6uFub1YCY7Xafy4rQ=
69,52,yxdaz0d/b3l3leNhBd4GsP5kITw=,R2JPqZ7KSC6uFub1YCY7Xafy4rQ=
68,52,yxdaz0d/b3l3leNhBd4GsP5kITw=,R2JPqZ7KSC6uFub1YCY7Xafy4rQ=
67,52,yxdaz0d/b3l3leNhBd4GsP5kITw=,R2JPqZ7KSC6uFub1YCY7Xafy4rQ=
66,52,yxdaz0d/b3l3leNhBd4GsP5kITw=,R2JPqZ7KSC6uFub1YCY7Xafy4rQ=
71,50,yxdaz0d/b3l3leNhBd4GsP5kITw=,R2JPqZ7KSC6uFub1YCY7Xafy4rQ=
65,52,yxdaz0d/b3l3leNhBd4GsP5kITw=,R2JPqZ7KSC6uFub1YCY7Xafy4rQ=
64,52,yxdaz0d/b3l3leNhBd4GsP5kITw=,R2JPqZ7KSC6uFub1YCY7Xafy4rQ=
70,48,yxdaz0d/b3l3leNhBd4GsP5kITw=,R2JPqZ7KSC6uFub1YCY7Xafy4rQ=
70,49,yxdaz0d/b3l3leNhBd4GsP5kITw=,R2JPqZ7KSC6uFub1YCY7Xafy4rQ=
79,51,yxdaz0d/b3l3leNhBd4GsP5kITw=,R2JPqZ7KSC6uFub1YCY7Xafy4rQ=
78,51,yxdaz0d/b3l3leNhBd4GsP5kITw=,R2JPqZ7KSC6uFub1YCY7Xafy4rQ=
77,51,yxdaz0d/b3l3leNhBd4GsP5kITw=,R2JPqZ7KSC6uFub1YCY7Xafy4rQ=
76,51,yxdaz0d/b3l3leNhBd4GsP5kITw=,R2JPqZ7KSC6uFub1YCY7Xafy4rQ=
75,51,yxdaz0d/b3l3leNhBd4GsP5kITw=,R2JPqZ7KSC6uFub1YCY7Xafy4rQ=
74,51,yxdaz0d/b3l3leNhBd4GsP5kITw=,R2JPqZ7KSC6uFub1YCY7Xafy4rQ=
73,51,yxdaz0d/b3l3leNhBd4GsP5kITw=,R2JPqZ7KSC6uFub1YCY7Xafy4rQ=
72,51,yxdaz0d/b3l3leNhBd4GsP5kITw=,R2JPqZ7KSC6uFub1YCY7Xafy4rQ=
79,48,yxdaz0d/b3l3leNhBd4GsP5kITw=,R2JPqZ7KSC6uFub1YCY7Xafy4rQ=
81,51,yxdaz0d/b3l3leNhBd4GsP5kITw=,FIioQaTpD8ek/axxDEo9H0BB43o=
88,49,yxdaz0d/b3l3leNhBd4GsP5kITw=,FIioQaTpD8ek/axxDEo9H0BB43o=
87,49,yxdaz0d/b3l3leNhBd4GsP5kITw=,FIioQaTpD8ek/axxDEo9H0BB43o=
80,51,yxdaz0d/b3l3leNhBd4GsP5kITw=,FIioQaTpD8ek/axxDEo9H0BB43o=
90,50,yxdaz0d/b3l3leNhBd4GsP5kITw=,FIioQaTpD8ek/axxDEo9H0BB43o=
86,49,yxdaz0d/b3l3leNhBd4GsP5kITw=,FIioQaTpD8ek/axxDEo9H0BB43o=
85,49,yxdaz0d/b3l3leNhBd4GsP5kITw=,FIioQaTpD8ek/axxDEo9H0BB43o=
84,49,yxdaz0d/b3l3leNhBd4GsP5kITw=,FIioQaTpD8ek/axxDEo9H0BB43o=
83,49,yxdaz0d/b3l3leNhBd4GsP5kITw=,FIioQaTpD8ek/axxDEo9H0BB43o=
91,63,yxdaz0d/b3l3leNhBd4GsP5kITw=,FIioQaTpD8ek/axxDEo9H0BB43o=
90,63,yxdaz0d/b3l3leNhBd4GsP5kITw=,FIioQaTpD8ek/axxDEo9H0BB43o=
91,50,yxdaz0d/b3l3leNhBd4GsP5kITw=,FIioQaTpD8ek/axxDEo9H0BB43o=
89,63,yxdaz0d/b3l3leNhBd4GsP5kITw=,FIioQaTpD8ek/axxDEo9H0BB43o=
82,49,yxdaz0d/b3l3leNhBd4GsP5kITw=,FIioQaTpD8ek/axxDEo9H0BB43o=
87,63,yxdaz0d/b3l3leNhBd4GsP5kITw=,FIioQaTpD8ek/axxDEo9H0BB43o=
88,63,yxdaz0d/b3l3leNhBd4GsP5kITw=,FIioQaTpD8ek/axxDEo9H0BB43o=
85,63,yxdaz0d/b3l3leNhBd4GsP5kITw=,FIioQaTpD8ek/axxDEo9H0BB43o=
86,63,yxdaz0d/b3l3leNhBd4GsP5kITw=,FIioQaTpD8ek/axxDEo9H0BB43o=
84,63,yxdaz0d/b3l3leNhBd4GsP5kITw=,FIioQaTpD8ek/axxDEo9H0BB43o=
82,63,yxdaz0d/b3l3leNhBd4GsP5kITw=,FIioQaTpD8ek/axxDEo9H0BB43o=
81,63,yxdaz0d/b3l3leNhBd4GsP5kITw=,FIioQaTpD8ek/axxDEo9H0BB43o=
80,63,yxdaz0d/b3l3leNhBd4GsP5kITw=,FIioQaTpD8ek/axxDEo9H0BB43o=
83,63,yxdaz0d/b3l3leNhBd4GsP5kITw=,FIioQaTpD8ek/axxDEo9H0BB43o=
90,62,yxdaz0d/b3l3leNhBd4GsP5kITw=,FIioQaTpD8ek/axxDEo9H0BB43o=
89,62,yxdaz0d/b3l3leNhBd4GsP5kITw=,FIioQaTpD8ek/axxDEo9H0BB43o=
88,62,yxdaz0d/b3l3leNhBd4GsP5kITw=,FIioQaTpD8ek/axxDEo9H0BB43o=
87,62,yxdaz0d/b3l3leNhBd4GsP5kITw=,FIioQaTpD8ek/axxDEo9H0BB43o=
86,62,yxdaz0d/b3l3leNhBd4GsP5kITw=,FIioQaTpD8ek/axxDEo9H0BB43o=
91,62,yxdaz0d/b3l3leNhBd4GsP5kITw=,FIioQaTpD8ek/axxDEo9H0BB43o=
81,49,yxdaz0d/b3l3leNhBd4GsP5kITw=,FIioQaTpD8ek/axxDEo9H0BB43o=
89,50,yxdaz0d/b3l3leNhBd4GsP5kITw=,FIioQaTpD8ek/axxDEo9H0BB43o=
85,62,yxdaz0d/b3l3leNhBd4GsP5kITw=,FIioQaTpD8ek/axxDEo9H0BB43o=
84,62,yxdaz0d/b3l3leNhBd4GsP5kITw=,FIioQaTpD8ek/axxDEo9H0BB43o=
80,49,yxdaz0d/b3l3leNhBd4GsP5kITw=,FIioQaTpD8ek/axxDEo9H0BB43o=
82,62,yxdaz0d/b3l3leNhBd4GsP5kITw=,FIioQaTpD8ek/axxDEo9H0BB43o=
83,62,yxdaz0d/b3l3leNhBd4GsP5kITw=,FIioQaTpD8ek/axxDEo9H0BB43o=
81,62,yxdaz0d/b3l3leNhBd4GsP5kITw=,FIioQaTpD8ek/axxDEo9H0BB43o=
88,50,yxdaz0d/b3l3leNhBd4GsP5kITw=,FIioQaTpD8ek/axxDEo9H0BB43o=
80,62,yxdaz0d/b3l3leNhBd4GsP5kITw=,FIioQaTpD8ek/axxDEo9H0BB43o=
89,61,yxdaz0d/b3l3leNhBd4GsP5kITw=,FIioQaTpD8ek/axxDEo9H0BB43o=
90,61,yxdaz0d/b3l3leNhBd4GsP5kITw=,FIioQaTpD8ek/axxDEo9H0BB43o=
91,61,yxdaz0d/b3l3leNhBd4GsP5kITw=,FIioQaTpD8ek/axxDEo9H0BB43o=
88,61,yxdaz0d/b3l3leNhBd4GsP5kITw=,FIioQaTpD8ek/axxDEo9H0BB43o=
86,61,yxdaz0d/b3l3leNhBd4GsP5kITw=,FIioQaTpD8ek/axxDEo9H0BB43o=
87,61,yxdaz0d/b3l3leNhBd4GsP5kITw=,FIioQaTpD8ek/axxDEo9H0BB43o=
85,61,yxdaz0d/b3l3leNhBd4GsP5kITw=,FIioQaTpD8ek/axxDEo9H0BB43o=
83,61,yxdaz0d/b3l3leNhBd4GsP5kITw=,FIioQaTpD8ek/axxDEo9H0BB43o=
84,61,yxdaz0d/b3l3leNhBd4GsP5kITw=,FIioQaTpD8ek/axxDEo9H0BB43o=
81,61,yxdaz0d/b3l3leNhBd4GsP5kITw=,FIioQaTpD8ek/axxDEo9H0BB43o=
82,61,yxdaz0d/b3l3leNhBd4GsP5kITw=,FIioQaTpD8ek/axxDEo9H0BB43o=
80,61,yxdaz0d/b3l3leNhBd4GsP5kITw=,FIioQaTpD8ek/axxDEo9H0BB43o=
87,50,yxdaz0d/b3l3leNhBd4GsP5kITw=,FIioQaTpD8ek/axxDEo9H0BB43o=
90,60,yxdaz0d/b3l3leNhBd4GsP5kITw=,FIioQaTpD8ek/axxDEo9H0BB43o=
89,60,yxdaz0d/b3l3leNhBd4GsP5kITw=,FIioQaTpD8ek/axxDEo9H0BB43o=
86,60,yxdaz0d/b3l3leNhBd4GsP5kITw=,FIioQaTpD8ek/axxDEo9H0BB43o=
87,60,yxdaz0d/b3l3leNhBd4GsP5kITw=,FIioQaTpD8ek/axxDEo9H0BB43o=
88,60,yxdaz0d/b3l3leNhBd4GsP5kITw=,FIioQaTpD8ek/axxDEo9H0BB43o=
85,60,yxdaz0d/b3l3leNhBd4GsP5kITw=,FIioQaTpD8ek/axxDEo9H0BB43o=
83,60,yxdaz0d/b3l3leNhBd4GsP5kITw=,FIioQaTpD8ek/axxDEo9H0BB43o=
84,60,yxdaz0d/b3l3leNhBd4GsP5kITw=,FIioQaTpD8ek/axxDEo9H0BB43o=
82,60,yxdaz0d/b3l3leNhBd4GsP5kITw=,FIioQaTpD8ek/axxDEo9H0BB43o=
81,60,yxdaz0d/b3l3leNhBd4GsP5kITw=,FIioQaTpD8ek/axxDEo9H0BB43o=
80,60,yxdaz0d/b3l3leNhBd4GsP5kITw=,FIioQaTpD8ek/axxDEo9H0BB43o=
86,50,yxdaz0d/b3l3leNhBd4GsP5kITw=,FIioQaTpD8ek/axxDEo9H0BB43o=
91,60,yxdaz0d/b3l3leNhBd4GsP5kITw=,FIioQaTpD8ek/axxDEo9H0BB43o=
91,59,yxdaz0d/b3l3leNhBd4GsP5kITw=,FIioQaTpD8ek/axxDEo9H0BB43o=
89,59,yxdaz0d/b3l3leNhBd4GsP5kITw=,FIioQaTpD8ek/axxDEo9H0BB43o=
90,59,yxdaz0d/b3l3leNhBd4GsP5kITw=,FIioQaTpD8ek/axxDEo9H0BB43o=
88,59,yxdaz0d/b3l3leNhBd4GsP5kITw=,FIioQaTpD8ek/axxDEo9H0BB43o=
86,59,yxdaz0d/b3l3leNhBd4GsP5kITw=,FIioQaTpD8ek/axxDEo9H0BB43o=
87,59,yxdaz0d/b3l3leNhBd4GsP5kITw=,FIioQaTpD8ek/axxDEo9H0BB43o=
85,59,yxdaz0d/b3l3leNhBd4GsP5kITw=,FIioQaTpD8ek/axxDEo9H0BB43o=
84,59,yxdaz0d/b3l3leNhBd4GsP5kITw=,FIioQaTpD8ek/axxDEo9H0BB43o=
82,59,yxdaz0d/b3l3leNhBd4GsP5kITw=,FIioQaTpD8ek/axxDEo9H0BB43o=
83,59,yxdaz0d/b3l3leNhBd4GsP5kITw=,FIioQaTpD8ek/axxDEo9H0BB43o=
81,59,yxdaz0d/b3l3leNhBd4GsP5kITw=,FIioQaTpD8ek/axxDEo9H0BB43o=
80,59,yxdaz0d/b3l3leNhBd4GsP5kITw=,FIioQaTpD8ek/axxDEo9H0BB43o=
85,50,yxdaz0d/b3l3leNhBd4GsP5kITw=,FIioQaTpD8ek/axxDEo9H0BB43o=
91,58,yxdaz0d/b3l3leNhBd4GsP5kITw=,FIioQaTpD8ek/axxDEo9H0BB43o=
90,58,yxdaz0d/b3l3leNhBd4GsP5kITw=,FIioQaTpD8ek/axxDEo9H0BB43o=
89,58,yxdaz0d/b3l3leNhBd4GsP5kITw=,FIioQaTpD8ek/axxDEo9H0BB43o=
87,58,yxdaz0d/b3l3leNhBd4GsP5kITw=,FIioQaTpD8ek/axxDEo9H0BB43o=
88,58,yxdaz0d/b3l3leNhBd4GsP5kITw=,FIioQaTpD8ek/axxDEo9H0BB43o=
86,58,yxdaz0d/b3l3leNhBd4GsP5kITw=,FIioQaTpD8ek/axxDEo9H0BB43o=
85,58,yxdaz0d/b3l3leNhBd4GsP5kITw=,FIioQaTpD8ek/axxDEo9H0BB43o=
84,58,yxdaz0d/b3l3leNhBd4GsP5kITw=,FIioQaTpD8ek/axxDEo9H0BB43o=
83,58,yxdaz0d/b3l3leNhBd4GsP5kITw=,FIioQaTpD8ek/axxDEo9H0BB43o=
82,58,yxdaz0d/b3l3leNhBd4GsP5kITw=,FIioQaTpD8ek/axxDEo9H0BB43o=
81,58,yxdaz0d/b3l3leNhBd4GsP5kITw=,FIioQaTpD8ek/axxDEo9H0BB43o=
80,58,yxdaz0d/b3l3leNhBd4GsP5kITw=,FIioQaTpD8ek/axxDEo9H0BB43o=
90,57,yxdaz0d/b3l3leNhBd4GsP5kITw=,FIioQaTpD8ek/axxDEo9H0BB43o=
84,50,yxdaz0d/b3l3leNhBd4GsP5kITw=,FIioQaTpD8ek/axxDEo9H0BB43o=
89,57,yxdaz0d/b3l3leNhBd4GsP5kITw=,FIioQaTpD8ek/axxDEo9H0BB43o=
91,57,yxdaz0d/b3l3leNhBd4GsP5kITw=,FIioQaTpD8ek/axxDEo9H0BB43o=
88,57,yxdaz0d/b3l3leNhBd4GsP5kITw=,FIioQaTpD8ek/axxDEo9H0BB43o=
87,57,yxdaz0d/b3l3leNhBd4GsP5kITw=,FIioQaTpD8ek/axxDEo9H0BB43o=
86,57,yxdaz0d/b3l3leNhBd4GsP5kITw=,FIioQaTpD8ek/axxDEo9H0BB43o=
85,57,yxdaz0d/b3l3leNhBd4GsP5kITw=,FIioQaTpD8ek/axxDEo9H0BB43o=
84,57,yxdaz0d/b3l3leNhBd4GsP5kITw=,FIioQaTpD8ek/axxDEo9H0BB43o=
83,57,yxdaz0d/b3l3leNhBd4GsP5kITw=,FIioQaTpD8ek/axxDEo9H0BB43o=
82,57,yxdaz0d/b3l3leNhBd4GsP5kITw=,FIioQaTpD8ek/axxDEo9H0BB43o=
81,57,yxdaz0d/b3l3leNhBd4GsP5kITw=,FIioQaTpD8ek/axxDEo9H0BB43o=
80,57,yxdaz0d/b3l3leNhBd4GsP5kITw=,FIioQaTpD8ek/axxDEo9H0BB43o=
90,56,yxdaz0d/b3l3leNhBd4GsP5kITw=,FIioQaTpD8ek/axxDEo9H0BB43o=
83,50,yxdaz0d/b3l3leNhBd4GsP5kITw=,FIioQaTpD8ek/axxDEo9H0BB43o=
89,56,yxdaz0d/b3l3leNhBd4GsP5kITw=,FIioQaTpD8ek/axxDEo9H0BB43o=
88,56,yxdaz0d/b3l3leNhBd4GsP5kITw=,FIioQaTpD8ek/axxDEo9H0BB43o=
87,56,yxdaz0d/b3l3leNhBd4GsP5kITw=,FIioQaTpD8ek/axxDEo9H0BB43o=
86,56,yxdaz0d/b3l3leNhBd4GsP5kITw=,FIioQaTpD8ek/axxDEo9H0BB43o=
84,56,yxdaz0d/b3l3leNhBd4GsP5kITw=,FIioQaTpD8ek/axxDEo9H0BB43o=
85,56,yxdaz0d/b3l3leNhBd4GsP5kITw=,FIioQaTpD8ek/axxDEo9H0BB43o=
91,56,yxdaz0d/b3l3leNhBd4GsP5kITw=,FIioQaTpD8ek/axxDEo9H0BB43o=
83,56,yxdaz0d/b3l3leNhBd4GsP5kITw=,FIioQaTpD8ek/axxDEo9H0BB43o=
82,56,yxdaz0d/b3l3leNhBd4GsP5kITw=,FIioQaTpD8ek/axxDEo9H0BB43o=
81,56,yxdaz0d/b3l3leNhBd4GsP5kITw=,FIioQaTpD8ek/axxDEo9H0BB43o=
82,50,yxdaz0d/b3l3leNhBd4GsP5kITw=,FIioQaTpD8ek/axxDEo9H0BB43o=
80,56,yxdaz0d/b3l3leNhBd4GsP5kITw=,FIioQaTpD8ek/axxDEo9H0BB43o=
90,55,yxdaz0d/b3l3leNhBd4GsP5kITw=,FIioQaTpD8ek/axxDEo9H0BB43o=
88,55,yxdaz0d/b3l3leNhBd4GsP5kITw=,FIioQaTpD8ek/axxDEo9H0BB43o=
89,55,yxdaz0d/b3l3leNhBd4GsP5kITw=,FIioQaTpD8ek/axxDEo9H0BB43o=
87,55,yxdaz0d/b3l3leNhBd4GsP5kITw=,FIioQaTpD8ek/axxDEo9H0BB43o=
86,55,yxdaz0d/b3l3leNhBd4GsP5kITw=,FIioQaTpD8ek/axxDEo9H0BB43o=
91,55,yxdaz0d/b3l3leNhBd4GsP5kITw=,FIioQaTpD8ek/axxDEo9H0BB43o=
83,55,yxdaz0d/b3l3leNhBd4GsP5kITw=,FIioQaTpD8ek/axxDEo9H0BB43o=
85,55,yxdaz0d/b3l3leNhBd4GsP5kITw=,FIioQaTpD8ek/axxDEo9H0BB43o=
84,55,yxdaz0d/b3l3leNhBd4GsP5kITw=,FIioQaTpD8ek/axxDEo9H0BB43o=
82,55,yxdaz0d/b3l3leNhBd4GsP5kITw=,FIioQaTpD8ek/axxDEo9H0BB43o=
81,55,yxdaz0d/b3l3leNhBd4GsP5kITw=,FIioQaTpD8ek/axxDEo9H0BB43o=
81,50,yxdaz0d/b3l3leNhBd4GsP5kITw=,FIioQaTpD8ek/axxDEo9H0BB43o=
80,55,yxdaz0d/b3l3leNhBd4GsP5kITw=,FIioQaTpD8ek/axxDEo9H0BB43o=
90,54,yxdaz0d/b3l3leNhBd4GsP5kITw=,FIioQaTpD8ek/axxDEo9H0BB43o=
88,54,yxdaz0d/b3l3leNhBd4GsP5kITw=,FIioQaTpD8ek/axxDEo9H0BB43o=
89,54,yxdaz0d/b3l3leNhBd4GsP5kITw=,FIioQaTpD8ek/axxDEo9H0BB43o=
80,50,yxdaz0d/b3l3leNhBd4GsP5kITw=,FIioQaTpD8ek/axxDEo9H0BB43o=
87,54,yxdaz0d/b3l3leNhBd4GsP5kITw=,FIioQaTpD8ek/axxDEo9H0BB43o=
86,54,yxdaz0d/b3l3leNhBd4GsP5kITw=,FIioQaTpD8ek/axxDEo9H0BB43o=
85,54,yxdaz0d/b3l3leNhBd4GsP5kITw=,FIioQaTpD8ek/axxDEo9H0BB43o=
84,54,yxdaz0d/b3l3leNhBd4GsP5kITw=,FIioQaTpD8ek/axxDEo9H0BB43o=
83,54,yxdaz0d/b3l3leNhBd4GsP5kITw=,FIioQaTpD8ek/axxDEo9H0BB43o=
81,54,yxdaz0d/b3l3leNhBd4GsP5kITw=,FIioQaTpD8ek/axxDEo9H0BB43o=
82,54,yxdaz0d/b3l3leNhBd4GsP5kITw=,FIioQaTpD8ek/axxDEo9H0BB43o=
90,53,yxdaz0d/b3l3leNhBd4GsP5kITw=,FIioQaTpD8ek/axxDEo9H0BB43o=
80,54,yxdaz0d/b3l3leNhBd4GsP5kITw=,FIioQaTpD8ek/axxDEo9H0BB43o=
89,53,yxdaz0d/b3l3leNhBd4GsP5kITw=,FIioQaTpD8ek/axxDEo9H0BB43o=
91,53,yxdaz0d/b3l3leNhBd4GsP5kITw=,FIioQaTpD8ek/axxDEo9H0BB43o=
88,53,yxdaz0d/b3l3leNhBd4GsP5kITw=,FIioQaTpD8ek/axxDEo9H0BB43o=
87,53,yxdaz0d/b3l3leNhBd4GsP5kITw=,FIioQaTpD8ek/axxDEo9H0BB43o=
86,53,yxdaz0d/b3l3leNhBd4GsP5kITw=,FIioQaTpD8ek/axxDEo9H0BB43o=
84,53,yxdaz0d/b3l3leNhBd4GsP5kITw=,FIioQaTpD8ek/axxDEo9H0BB43o=
85,53,yxdaz0d/b3l3leNhBd4GsP5kITw=,FIioQaTpD8ek/axxDEo9H0BB43o=
81,53,yxdaz0d/b3l3leNhBd4GsP5kITw=,FIioQaTpD8ek/axxDEo9H0BB43o=
90,49,yxdaz0d/b3l3leNhBd4GsP5kITw=,FIioQaTpD8ek/axxDEo9H0BB43o=
83,53,yxdaz0d/b3l3leNhBd4GsP5kITw=,FIioQaTpD8ek/axxDEo9H0BB43o=
82,53,yxdaz0d/b3l3leNhBd4GsP5kITw=,FIioQaTpD8ek/axxDEo9H0BB43o=
80,53,yxdaz0d/b3l3leNhBd4GsP5kITw=,FIioQaTpD8ek/axxDEo9H0BB43o=
90,52,yxdaz0d/b3l3leNhBd4GsP5kITw=,FIioQaTpD8ek/axxDEo9H0BB43o=
89,52,yxdaz0d/b3l3leNhBd4GsP5kITw=,FIioQaTpD8ek/axxDEo9H0BB43o=
88,52,yxdaz0d/b3l3leNhBd4GsP5kITw=,FIioQaTpD8ek/axxDEo9H0BB43o=
91,49,yxdaz0d/b3l3leNhBd4GsP5kITw=,FIioQaTpD8ek/axxDEo9H0BB43o=
87,52,yxdaz0d/b3l3leNhBd4GsP5kITw=,FIioQaTpD8ek/axxDEo9H0BB43o=
86,52,yxdaz0d/b3l3leNhBd4GsP5kITw=,FIioQaTpD8ek/axxDEo9H0BB43o=
85,52,yxdaz0d/b3l3leNhBd4GsP5kITw=,FIioQaTpD8ek/axxDEo9H0BB43o=
84,52,yxdaz0d/b3l3leNhBd4GsP5kITw=,FIioQaTpD8ek/axxDEo9H0BB43o=
82,52,yxdaz0d/b3l3leNhBd4GsP5kITw=,FIioQaTpD8ek/axxDEo9H0BB43o=
83,52,yxdaz0d/b3l3leNhBd4GsP5kITw=,FIioQaTpD8ek/axxDEo9H0BB43o=
81,52,yxdaz0d/b3l3leNhBd4GsP5kITw=,FIioQaTpD8ek/axxDEo9H0BB43o=
89,49,yxdaz0d/b3l3leNhBd4GsP5kITw=,FIioQaTpD8ek/axxDEo9H0BB43o=
80,52,yxdaz0d/b3l3leNhBd4GsP5kITw=,FIioQaTpD8ek/axxDEo9H0BB43o=
90,51,yxdaz0d/b3l3leNhBd4GsP5kITw=,FIioQaTpD8ek/axxDEo9H0BB43o=
89,51,yxdaz0d/b3l3leNhBd4GsP5kITw=,FIioQaTpD8ek/axxDEo9H0BB43o=
88,51,yxdaz0d/b3l3leNhBd4GsP5kITw=,FIioQaTpD8ek/axxDEo9H0BB43o=
87,51,yxdaz0d/b3l3leNhBd4GsP5kITw=,FIioQaTpD8ek/axxDEo9H0BB43o=
86,51,yxdaz0d/b3l3leNhBd4GsP5kITw=,FIioQaTpD8ek/axxDEo9H0BB43o=
85,51,yxdaz0d/b3l3leNhBd4GsP5kITw=,FIioQaTpD8ek/axxDEo9H0BB43o=
82,51,yxdaz0d/b3l3leNhBd4GsP5kITw=,FIioQaTpD8ek/axxDEo9H0BB43o=
84,51,yxdaz0d/b3l3leNhBd4GsP5kITw=,FIioQaTpD8ek/axxDEo9H0BB43o=
83,51,yxdaz0d/b3l3leNhBd4GsP5kITw=,FIioQaTpD8ek/axxDEo9H0BB43o=
91,54,yxdaz0d/b3l3leNhBd4GsP5kITw=,FIioQaTpD8ek/axxDEo9H0BB43o=
91,51,yxdaz0d/b3l3leNhBd4GsP5kITw=,FIioQaTpD8ek/axxDEo9H0BB43o=
91,52,yxdaz0d/b3l3leNhBd4GsP5kITw=,FIioQaTpD8ek/axxDEo9H0BB43o=
89,48,yxdaz0d/b3l3leNhBd4GsP5kITw=,FIioQaTpD8ek/axxDEo9H0BB43o=
88,48,yxdaz0d/b3l3leNhBd4GsP5kITw=,FIioQaTpD8ek/axxDEo9H0BB43o=
90,48,yxdaz0d/b3l3leNhBd4GsP5kITw=,FIioQaTpD8ek/axxDEo9H0BB43o=
91,48,yxdaz0d/b3l3leNhBd4GsP5kITw=,FIioQaTpD8ek/axxDEo9H0BB43o=
86,48,yxdaz0d/b3l3leNhBd4GsP5kITw=,FIioQaTpD8ek/axxDEo9H0BB43o=
84,48,yxdaz0d/b3l3leNhBd4GsP5kITw=,FIioQaTpD8ek/axxDEo9H0BB43o=
80,48,yxdaz0d/b3l3leNhBd4GsP5kITw=,FIioQaTpD8ek/axxDEo9H0BB43o=
81,48,yxdaz0d/b3l3leNhBd4GsP5kITw=,FIioQaTpD8ek/axxDEo9H0BB43o=
85,48,yxdaz0d/b3l3leNhBd4GsP5kITw=,FIioQaTpD8ek/axxDEo9H0BB43o=
82,48,yxdaz0d/b3l3leNhBd4GsP5kITw=,FIioQaTpD8ek/axxDEo9H0BB43o=
83,48,yxdaz0d/b3l3leNhBd4GsP5kITw=,FIioQaTpD8ek/axxDEo9H0BB43o=
87,48,yxdaz0d/b3l3leNhBd4GsP5kITw=,FIioQaTpD8ek/axxDEo9H0BB43o=
91,47,yxdaz0d/b3l3leNhBd4GsP5kITw=,TMWjbX3LmjjPhJh5Gd6AyGthjjI=
90,47,yxdaz0d/b3l3leNhBd4GsP5kITw=,TMWjbX3LmjjPhJh5Gd6AyGthjjI=
88,47,yxdaz0d/b3l3leNhBd4GsP5kITw=,TMWjbX3LmjjPhJh5Gd6AyGthjjI=
89,47,yxdaz0d/b3l3leNhBd4GsP5kITw=,TMWjbX3LmjjPhJh5Gd6AyGthjjI=
87,47,yxdaz0d/b3l3leNhBd4GsP5kITw=,TMWjbX3LmjjPhJh5Gd6AyGthjjI=
91,34,yxdaz0d/b3l3leNhBd4GsP5kITw=,TMWjbX3LmjjPhJh5Gd6AyGthjjI=
81,32,yxdaz0d/b3l3leNhBd4GsP5kITw=,TMWjbX3LmjjPhJh5Gd6AyGthjjI=
80,35,yxdaz0d/b3l3leNhBd4GsP5kITw=,TMWjbX3LmjjPhJh5Gd6AyGthjjI=
80,32,yxdaz0d/b3l3leNhBd4GsP5kITw=,TMWjbX3LmjjPhJh5Gd6AyGthjjI=
87,33,yxdaz0d/b3l3leNhBd4GsP5kITw=,TMWjbX3LmjjPhJh5Gd6AyGthjjI=
82,32,yxdaz0d/b3l3leNhBd4GsP5kITw=,TMWjbX3LmjjPhJh5Gd6AyGthjjI=
90,34,yxdaz0d/b3l3leNhBd4GsP5kITw=,TMWjbX3LmjjPhJh5Gd6AyGthjjI=
83,32,yxdaz0d/b3l3leNhBd4GsP5kITw=,TMWjbX3LmjjPhJh5Gd6AyGthjjI=
86,32,yxdaz0d/b3l3leNhBd4GsP5kITw=,TMWjbX3LmjjPhJh5Gd6AyGthjjI=
86,47,yxdaz0d/b3l3leNhBd4GsP5kITw=,TMWjbX3LmjjPhJh5Gd6AyGthjjI=
85,33,yxdaz0d/b3l3leNhBd4GsP5kITw=,TMWjbX3LmjjPhJh5Gd6AyGthjjI=
84,33,yxdaz0d/b3l3leNhBd4GsP5kITw=,TMWjbX3LmjjPhJh5Gd6AyGthjjI=
81,35,yxdaz0d/b3l3leNhBd4GsP5kITw=,TMWjbX3LmjjPhJh5Gd6AyGthjjI=
83,33,yxdaz0d/b3l3leNhBd4GsP5kITw=,TMWjbX3LmjjPhJh5Gd6AyGthjjI=
82,33,yxdaz0d/b3l3leNhBd4GsP5kITw=,TMWjbX3LmjjPhJh5Gd6AyGthjjI=
91,32,yxdaz0d/b3l3leNhBd4GsP5kITw=,TMWjbX3LmjjPhJh5Gd6AyGthjjI=
86,33,yxdaz0d/b3l3leNhBd4GsP5kITw=,TMWjbX3LmjjPhJh5Gd6AyGthjjI=
85,47,yxdaz0d/b3l3leNhBd4GsP5kITw=,TMWjbX3LmjjPhJh5Gd6AyGthjjI=
89,34,yxdaz0d/b3l3leNhBd4GsP5kITw=,TMWjbX3LmjjPhJh5Gd6AyGthjjI=
81,33,yxdaz0d/b3l3leNhBd4GsP5kITw=,TMWjbX3LmjjPhJh5Gd6AyGthjjI=
84,47,yxdaz0d/b3l3leNhBd4GsP5kITw=,TMWjbX3LmjjPhJh5Gd6AyGthjjI=
82,35,yxdaz0d/b3l3leNhBd4GsP5kITw=,TMWjbX3LmjjPhJh5Gd6AyGthjjI=
83,47,yxdaz0d/b3l3leNhBd4GsP5kITw=,TMWjbX3LmjjPhJh5Gd6AyGthjjI=
82,47,yxdaz0d/b3l3leNhBd4GsP5kITw=,TMWjbX3LmjjPhJh5Gd6AyGthjjI=
87,32,yxdaz0d/b3l3leNhBd4GsP5kITw=,TMWjbX3LmjjPhJh5Gd6AyGthjjI=
81,47,yxdaz0d/b3l3leNhBd4GsP5kITw=,TMWjbX3LmjjPhJh5Gd6AyGthjjI=
91,46,yxdaz0d/b3l3leNhBd4GsP5kITw=,TMWjbX3LmjjPhJh5Gd6AyGthjjI=
80,47,yxdaz0d/b3l3leNhBd4GsP5kITw=,TMWjbX3LmjjPhJh5Gd6AyGthjjI=
88,34,yxdaz0d/b3l3leNhBd4GsP5kITw=,TMWjbX3LmjjPhJh5Gd6AyGthjjI=
83,35,yxdaz0d/b3l3leNhBd4GsP5kITw=,TMWjbX3LmjjPhJh5Gd6AyGthjjI=
80,33,yxdaz0d/b3l3leNhBd4GsP5kITw=,TMWjbX3LmjjPhJh5Gd6AyGthjjI=
90,46,yxdaz0d/b3l3leNhBd4GsP5kITw=,TMWjbX3LmjjPhJh5Gd6AyGthjjI=
89,46,yxdaz0d/b3l3leNhBd4GsP5kITw=,TMWjbX3LmjjPhJh5Gd6AyGthjjI=
88,46,yxdaz0d/b3l3leNhBd4GsP5kITw=,TMWjbX3LmjjPhJh5Gd6AyGthjjI=
87,46,yxdaz0d/b3l3leNhBd4GsP5kITw=,TMWjbX3LmjjPhJh5Gd6AyGthjjI=
85,32,yxdaz0d/b3l3leNhBd4GsP5kITw=,TMWjbX3LmjjPhJh5Gd6AyGthjjI=
88,32,yxdaz0d/b3l3leNhBd4GsP5kITw=,TMWjbX3LmjjPhJh5Gd6AyGthjjI=
84,35,yxdaz0d/b3l3leNhBd4GsP5kITw=,TMWjbX3LmjjPhJh5Gd6AyGthjjI=
84,32,yxdaz0d/b3l3leNhBd4GsP5kITw=,TMWjbX3LmjjPhJh5Gd6AyGthjjI=
85,46,yxdaz0d/b3l3leNhBd4GsP5kITw=,TMWjbX3LmjjPhJh5Gd6AyGthjjI=
84,46,yxdaz0d/b3l3leNhBd4GsP5kITw=,TMWjbX3LmjjPhJh5Gd6AyGthjjI=
91,45,yxdaz0d/b3l3leNhBd4GsP5kITw=,TMWjbX3LmjjPhJh5Gd6AyGthjjI=
83,46,yxdaz0d/b3l3leNhBd4GsP5kITw=,TMWjbX3LmjjPhJh5Gd6AyGthjjI=
86,46,yxdaz0d/b3l3leNhBd4GsP5kITw=,TMWjbX3LmjjPhJh5Gd6AyGthjjI=
82,46,yxdaz0d/b3l3leNhBd4GsP5kITw=,TMWjbX3LmjjPhJh5Gd6AyGthjjI=
80,46,yxdaz0d/b3l3leNhBd4GsP5kITw=,TMWjbX3LmjjPhJh5Gd6AyGthjjI=
90,32,yxdaz0d/b3l3leNhBd4GsP5kITw=,TMWjbX3LmjjPhJh5Gd6AyGthjjI=
85,35,yxdaz0d/b3l3leNhBd4GsP5kITw=,TMWjbX3LmjjPhJh5Gd6AyGthjjI=
87,34,yxdaz0d/b3l3leNhBd4GsP5kITw=,TMWjbX3LmjjPhJh5Gd6AyGthjjI=
81,46,yxdaz0d/b3l3leNhBd4GsP5kITw=,TMWjbX3LmjjPhJh5Gd6AyGthjjI=
90,45,yxdaz0d/b3l3leNhBd4GsP5kITw=,TMWjbX3LmjjPhJh5Gd6AyGthjjI=
88,45,yxdaz0d/b3l3leNhBd4GsP5kITw=,TMWjbX3LmjjPhJh5Gd6AyGthjjI=
87,45,yxdaz0d/b3l3leNhBd4GsP5kITw=,TMWjbX3LmjjPhJh5Gd6AyGthjjI=
86,45,yxdaz0d/b3l3leNhBd4GsP5kITw=,TMWjbX3LmjjPhJh5Gd6AyGthjjI=
84,45,yxdaz0d/b3l3leNhBd4GsP5kITw=,TMWjbX3LmjjPhJh5Gd6AyGthjjI=
91,44,yxdaz0d/b3l3leNhBd4GsP5kITw=,TMWjbX3LmjjPhJh5Gd6AyGthjjI=
86,35,yxdaz0d/b3l3leNhBd4GsP5kITw=,TMWjbX3LmjjPhJh5Gd6AyGthjjI=
82,45,yxdaz0d/b3l3leNhBd4GsP5kITw=,TMWjbX3LmjjPhJh5Gd6AyGthjjI=
83,45,yxdaz0d/b3l3leNhBd4GsP5kITw=,TMWjbX3LmjjPhJh5Gd6AyGthjjI=
80,45,yxdaz0d/b3l3leNhBd4GsP5kITw=,TMWjbX3LmjjPhJh5Gd6AyGthjjI=
86,34,yxdaz0d/b3l3leNhBd4GsP5kITw=,TMWjbX3LmjjPhJh5Gd6AyGthjjI=
90,44,yxdaz0d/b3l3leNhBd4GsP5kITw=,TMWjbX3LmjjPhJh5Gd6AyGthjjI=
89,44,yxdaz0d/b3l3leNhBd4GsP5kITw=,TMWjbX3LmjjPhJh5Gd6AyGthjjI=
88,44,yxdaz0d/b3l3leNhBd4GsP5kITw=,TMWjbX3LmjjPhJh5Gd6AyGthjjI=
87,35,yxdaz0d/b3l3leNhBd4GsP5kITw=,TMWjbX3LmjjPhJh5Gd6AyGthjjI=
85,45,yxdaz0d/b3l3leNhBd4GsP5kITw=,TMWjbX3LmjjPhJh5Gd6AyGthjjI=
88,35,yxdaz0d/b3l3leNhBd4GsP5kITw=,TMWjbX3LmjjPhJh5Gd6AyGthjjI=
87,44,yxdaz0d/b3l3leNhBd4GsP5kITw=,TMWjbX3LmjjPhJh5Gd6AyGthjjI=
86,44,yxdaz0d/b3l3leNhBd4GsP5kITw=,TMWjbX3LmjjPhJh5Gd6AyGthjjI=
85,44,yxdaz0d/b3l3leNhBd4GsP5kITw=,TMWjbX3LmjjPhJh5Gd6AyGthjjI=
81,45,yxdaz0d/b3l3leNhBd4GsP5kITw=,TMWjbX3LmjjPhJh5Gd6AyGthjjI=
91,43,yxdaz0d/b3l3leNhBd4GsP5kITw=,TMWjbX3LmjjPhJh5Gd6AyGthjjI=
83,44,yxdaz0d/b3l3leNhBd4GsP5kITw=,TMWjbX3LmjjPhJh5Gd6AyGthjjI=
84,44,yxdaz0d/b3l3leNhBd4GsP5kITw=,TMWjbX3LmjjPhJh5Gd6AyGthjjI=
82,44,yxdaz0d/b3l3leNhBd4GsP5kITw=,TMWjbX3LmjjPhJh5Gd6AyGthjjI=
80,44,yxdaz0d/b3l3leNhBd4GsP5kITw=,TMWjbX3LmjjPhJh5Gd6AyGthjjI=
85,34,yxdaz0d/b3l3leNhBd4GsP5kITw=,TMWjbX3LmjjPhJh5Gd6AyGthjjI=
89,43,yxdaz0d/b3l3leNhBd4GsP5kITw=,TMWjbX3LmjjPhJh5Gd6AyGthjjI=
88,43,yxdaz0d/b3l3leNhBd4GsP5kITw=,TMWjbX3LmjjPhJh5Gd6AyGthjjI=
86,43,yxdaz0d/b3l3leNhBd4GsP5kITw=,TMWjbX3LmjjPhJh5Gd6AyGthjjI=
87,43,yxdaz0d/b3l3leNhBd4GsP5kITw=,TMWjbX3LmjjPhJh5Gd6AyGthjjI=
85,43,yxdaz0d/b3l3leNhBd4GsP5kITw=,TMWjbX3LmjjPhJh5Gd6AyGthjjI=
90,43,yxdaz0d/b3l3leNhBd4GsP5kITw=,TMWjbX3LmjjPhJh5Gd6AyGthjjI=
81,44,yxdaz0d/b3l3leNhBd4GsP5kITw=,TMWjbX3LmjjPhJh5Gd6AyGthjjI=
84,43,yxdaz0d/b3l3leNhBd4GsP5kITw=,TMWjbX3LmjjPhJh5Gd6AyGthjjI=
91,42,yxdaz0d/b3l3leNhBd4GsP5kITw=,TMWjbX3LmjjPhJh5Gd6AyGthjjI=
83,43,yxdaz0d/b3l3leNhBd4GsP5kITw=,TMWjbX3LmjjPhJh5Gd6AyGthjjI=
82,43,yxdaz0d/b3l3leNhBd4GsP5kITw=,TMWjbX3LmjjPhJh5Gd6AyGthjjI=
81,43,yxdaz0d/b3l3leNhBd4GsP5kITw=,TMWjbX3LmjjPhJh5Gd6AyGthjjI=
84,34,yxdaz0d/b3l3leNhBd4GsP5kITw=,TMWjbX3LmjjPhJh5Gd6AyGthjjI=
80,43,yxdaz0d/b3l3leNhBd4GsP5kITw=,TMWjbX3LmjjPhJh5Gd6AyGthjjI=
89,45,yxdaz0d/b3l3leNhBd4GsP5kITw=,TMWjbX3LmjjPhJh5Gd6AyGthjjI=
88,42,yxdaz0d/b3l3leNhBd4GsP5kITw=,TMWjbX3LmjjPhJh5Gd6AyGthjjI=
87,42,yxdaz0d/b3l3leNhBd4GsP5kITw=,TMWjbX3LmjjPhJh5Gd6AyGthjjI=
86,42,yxdaz0d/b3l3leNhBd4GsP5kITw=,TMWjbX3LmjjPhJh5Gd6AyGthjjI=
89,42,yxdaz0d/b3l3leNhBd4GsP5kITw=,TMWjbX3LmjjPhJh5Gd6AyGthjjI=
85,42,yxdaz0d/b3l3leNhBd4GsP5kITw=,TMWjbX3LmjjPhJh5Gd6AyGthjjI=
83,42,yxdaz0d/b3l3leNhBd4GsP5kITw=,TMWjbX3LmjjPhJh5Gd6AyGthjjI=
91,41,yxdaz0d/b3l3leNhBd4GsP5kITw=,TMWjbX3LmjjPhJh5Gd6AyGthjjI=
90,42,yxdaz0d/b3l3leNhBd4GsP5kITw=,TMWjbX3LmjjPhJh5Gd6AyGthjjI=
84,42,yxdaz0d/b3l3leNhBd4GsP5kITw=,TMWjbX3LmjjPhJh5Gd6AyGthjjI=
81,42,yxdaz0d/b3l3leNhBd4GsP5kITw=,TMWjbX3LmjjPhJh5Gd6AyGthjjI=
83,34,yxdaz0d/b3l3leNhBd4GsP5kITw=,TMWjbX3LmjjPhJh5Gd6AyGthjjI=
80,42,yxdaz0d/b3l3leNhBd4GsP5kITw=,TMWjbX3LmjjPhJh5Gd6AyGthjjI=
82,42,yxdaz0d/b3l3leNhBd4GsP5kITw=,TMWjbX3LmjjPhJh5Gd6AyGthjjI=
88,41,yxdaz0d/b3l3leNhBd4GsP5kITw=,TMWjbX3LmjjPhJh5Gd6AyGthjjI=
86,41,yxdaz0d/b3l3leNhBd4GsP5kITw=,TMWjbX3LmjjPhJh5Gd6AyGthjjI=
89,41,yxdaz0d/b3l3leNhBd4GsP5kITw=,TMWjbX3LmjjPhJh5Gd6AyGthjjI=
85,41,yxdaz0d/b3l3leNhBd4GsP5kITw=,TMWjbX3LmjjPhJh5Gd6AyGthjjI=
84,41,yxdaz0d/b3l3leNhBd4GsP5kITw=,TMWjbX3LmjjPhJh5Gd6AyGthjjI=
90,41,yxdaz0d/b3l3leNhBd4GsP5kITw=,TMWjbX3LmjjPhJh5Gd6AyGthjjI=
91,40,yxdaz0d/b3l3leNhBd4GsP5kITw=,TMWjbX3LmjjPhJh5Gd6AyGthjjI=
83,41,yxdaz0d/b3l3leNhBd4GsP5kITw=,TMWjbX3LmjjPhJh5Gd6AyGthjjI=
82,41,yxdaz0d/b3l3leNhBd4GsP5kITw=,TMWjbX3LmjjPhJh5Gd6AyGthjjI=
87,41,yxdaz0d/b3l3leNhBd4GsP5kITw=,TMWjbX3LmjjPhJh5Gd6AyGthjjI=
81,41,yxdaz0d/b3l3leNhBd4GsP5kITw=,TMWjbX3LmjjPhJh5Gd6AyGthjjI=
82,34,yxdaz0d/b3l3leNhBd4GsP5kITw=,TMWjbX3LmjjPhJh5Gd6AyGthjjI=
80,41,yxdaz0d/b3l3leNhBd4GsP5kITw=,TMWjbX3LmjjPhJh5Gd6AyGthjjI=
88,40,yxdaz0d/b3l3leNhBd4GsP5kITw=,TMWjbX3LmjjPhJh5Gd6AyGthjjI=
87,40,yxdaz0d/b3l3leNhBd4GsP5kITw=,TMWjbX3LmjjPhJh5Gd6AyGthjjI=
91,39,yxdaz0d/b3l3leNhBd4GsP5kITw=,TMWjbX3LmjjPhJh5Gd6AyGthjjI=
89,40,yxdaz0d/b3l3leNhBd4GsP5kITw=,TMWjbX3LmjjPhJh5Gd6AyGthjjI=
86,40,yxdaz0d/b3l3leNhBd4GsP5kITw=,TMWjbX3LmjjPhJh5Gd6AyGthjjI=
90,40,yxdaz0d/b3l3leNhBd4GsP5kITw=,TMWjbX3LmjjPhJh5Gd6AyGthjjI=
82,40,yxdaz0d/b3l3leNhBd4GsP5kITw=,TMWjbX3LmjjPhJh5Gd6AyGthjjI=
89,35,yxdaz0d/b3l3leNhBd4GsP5kITw=,TMWjbX3LmjjPhJh5Gd6AyGthjjI=
86,39,yxdaz0d/b3l3leNhBd4GsP5kITw=,TMWjbX3LmjjPhJh5Gd6AyGthjjI=
85,40,yxdaz0d/b3l3leNhBd4GsP5kITw=,TMWjbX3LmjjPhJh5Gd6AyGthjjI=
88,39,yxdaz0d/b3l3leNhBd4GsP5kITw=,TMWjbX3LmjjPhJh5Gd6AyGthjjI=
84,40,yxdaz0d/b3l3leNhBd4GsP5kITw=,TMWjbX3LmjjPhJh5Gd6AyGthjjI=
84,39,yxdaz0d/b3l3leNhBd4GsP5kITw=,TMWjbX3LmjjPhJh5Gd6AyGthjjI=
80,40,yxdaz0d/b3l3leNhBd4GsP5kITw=,TMWjbX3LmjjPhJh5Gd6AyGthjjI=
81,40,yxdaz0d/b3l3leNhBd4GsP5kITw=,TMWjbX3LmjjPhJh5Gd6AyGthjjI=
91,38,yxdaz0d/b3l3leNhBd4GsP5kITw=,TMWjbX3LmjjPhJh5Gd6AyGthjjI=
87,39,yxdaz0d/b3l3leNhBd4GsP5kITw=,TMWjbX3LmjjPhJh5Gd6AyGthjjI=
81,34,yxdaz0d/b3l3leNhBd4GsP5kITw=,TMWjbX3LmjjPhJh5Gd6AyGthjjI=
91,33,yxdaz0d/b3l3leNhBd4GsP5kITw=,TMWjbX3LmjjPhJh5Gd6AyGthjjI=
85,39,yxdaz0d/b3l3leNhBd4GsP5kITw=,TMWjbX3LmjjPhJh5Gd6AyGthjjI=
80,34,yxdaz0d/b3l3leNhBd4GsP5kITw=,TMWjbX3LmjjPhJh5Gd6AyGthjjI=
80,39,yxdaz0d/b3l3leNhBd4GsP5kITw=,TMWjbX3LmjjPhJh5Gd6AyGthjjI=
81,39,yxdaz0d/b3l3leNhBd4GsP5kITw=,TMWjbX3LmjjPhJh5Gd6AyGthjjI=
83,40,yxdaz0d/b3l3leNhBd4GsP5kITw=,TMWjbX3LmjjPhJh5Gd6AyGthjjI=
90,35,yxdaz0d/b3l3leNhBd4GsP5kITw=,TMWjbX3LmjjPhJh5Gd6AyGthjjI=
90,39,yxdaz0d/b3l3leNhBd4GsP5kITw=,TMWjbX3LmjjPhJh5Gd6AyGthjjI=
83,38,yxdaz0d/b3l3leNhBd4GsP5kITw=,TMWjbX3LmjjPhJh5Gd6AyGthjjI=
91,37,yxdaz0d/b3l3leNhBd4GsP5kITw=,TMWjbX3LmjjPhJh5Gd6AyGthjjI=
82,38,yxdaz0d/b3l3leNhBd4GsP5kITw=,TMWjbX3LmjjPhJh5Gd6AyGthjjI=
89,39,yxdaz0d/b3l3leNhBd4GsP5kITw=,TMWjbX3LmjjPhJh5Gd6AyGthjjI=
85,38,yxdaz0d/b3l3leNhBd4GsP5kITw=,TMWjbX3LmjjPhJh5Gd6AyGthjjI=
80,38,yxdaz0d/b3l3leNhBd4GsP5kITw=,TMWjbX3LmjjPhJh5Gd6AyGthjjI=
86,38,yxdaz0d/b3l3leNhBd4GsP5kITw=,TMWjbX3LmjjPhJh5Gd6AyGthjjI=
82,39,yxdaz0d/b3l3leNhBd4GsP5kITw=,TMWjbX3LmjjPhJh5Gd6AyGthjjI=
91,36,yxdaz0d/b3l3leNhBd4GsP5kITw=,TMWjbX3LmjjPhJh5Gd6AyGthjjI=
83,37,yxdaz0d/b3l3leNhBd4GsP5kITw=,TMWjbX3LmjjPhJh5Gd6AyGthjjI=
90,38,yxdaz0d/b3l3leNhBd4GsP5kITw=,TMWjbX3LmjjPhJh5Gd6AyGthjjI=
88,37,yxdaz0d/b3l3leNhBd4GsP5kITw=,TMWjbX3LmjjPhJh5Gd6AyGthjjI=
86,37,yxdaz0d/b3l3leNhBd4GsP5kITw=,TMWjbX3LmjjPhJh5Gd6AyGthjjI=
88,36,yxdaz0d/b3l3leNhBd4GsP5kITw=,TMWjbX3LmjjPhJh5Gd6AyGthjjI=
87,38,yxdaz0d/b3l3leNhBd4GsP5kITw=,TMWjbX3LmjjPhJh5Gd6AyGthjjI=
82,37,yxdaz0d/b3l3leNhBd4GsP5kITw=,TMWjbX3LmjjPhJh5Gd6AyGthjjI=
85,37,yxdaz0d/b3l3leNhBd4GsP5kITw=,TMWjbX3LmjjPhJh5Gd6AyGthjjI=
84,37,yxdaz0d/b3l3leNhBd4GsP5kITw=,TMWjbX3LmjjPhJh5Gd6AyGthjjI=
91,35,yxdaz0d/b3l3leNhBd4GsP5kITw=,TMWjbX3LmjjPhJh5Gd6AyGthjjI=
83,39,yxdaz0d/b3l3leNhBd4GsP5kITw=,TMWjbX3LmjjPhJh5Gd6AyGthjjI=
86,36,yxdaz0d/b3l3leNhBd4GsP5kITw=,TMWjbX3LmjjPhJh5Gd6AyGthjjI=
84,38,yxdaz0d/b3l3leNhBd4GsP5kITw=,TMWjbX3LmjjPhJh5Gd6AyGthjjI=
81,38,yxdaz0d/b3l3leNhBd4GsP5kITw=,TMWjbX3LmjjPhJh5Gd6AyGthjjI=
81,37,yxdaz0d/b3l3leNhBd4GsP5kITw=,TMWjbX3LmjjPhJh5Gd6AyGthjjI=
87,36,yxdaz0d/b3l3leNhBd4GsP5kITw=,TMWjbX3LmjjPhJh5Gd6AyGthjjI=
87,37,yxdaz0d/b3l3leNhBd4GsP5kITw=,TMWjbX3LmjjPhJh5Gd6AyGthjjI=
80,36,yxdaz0d/b3l3leNhBd4GsP5kITw=,TMWjbX3LmjjPhJh5Gd6AyGthjjI=
83,36,yxdaz0d/b3l3leNhBd4GsP5kITw=,TMWjbX3LmjjPhJh5Gd6AyGthjjI=
80,37,yxdaz0d/b3l3leNhBd4GsP5kITw=,TMWjbX3LmjjPhJh5Gd6AyGthjjI=
82,36,yxdaz0d/b3l3leNhBd4GsP5kITw=,TMWjbX3LmjjPhJh5Gd6AyGthjjI=
81,36,yxdaz0d/b3l3leNhBd4GsP5kITw=,TMWjbX3LmjjPhJh5Gd6AyGthjjI=
85,36,yxdaz0d/b3l3leNhBd4GsP5kITw=,TMWjbX3LmjjPhJh5Gd6AyGthjjI=
88,38,yxdaz0d/b3l3leNhBd4GsP5kITw=,TMWjbX3LmjjPhJh5Gd6AyGthjjI=
84,36,yxdaz0d/b3l3leNhBd4GsP5kITw=,TMWjbX3LmjjPhJh5Gd6AyGthjjI=
89,32,yxdaz0d/b3l3leNhBd4GsP5kITw=,TMWjbX3LmjjPhJh5Gd6AyGthjjI=
88,33,yxdaz0d/b3l3leNhBd4GsP5kITw=,TMWjbX3LmjjPhJh5Gd6AyGthjjI=
90,36,yxdaz0d/b3l3leNhBd4GsP5kITw=,TMWjbX3LmjjPhJh5Gd6AyGthjjI=
90,37,yxdaz0d/b3l3leNhBd4GsP5kITw=,TMWjbX3LmjjPhJh5Gd6AyGthjjI=
90,33,yxdaz0d/b3l3leNhBd4GsP5kITw=,TMWjbX3LmjjPhJh5Gd6AyGthjjI=
89,37,yxdaz0d/b3l3leNhBd4GsP5kITw=,TMWjbX3LmjjPhJh5Gd6AyGthjjI=
89,38,yxdaz0d/b3l3leNhBd4GsP5kITw=,TMWjbX3LmjjPhJh5Gd6AyGthjjI=
89,36,yxdaz0d/b3l3leNhBd4GsP5kITw=,TMWjbX3LmjjPhJh5Gd6AyGthjjI=
89,33,yxdaz0d/b3l3leNhBd4GsP5kITw=,TMWjbX3LmjjPhJh5Gd6AyGthjjI=
